-- MySQL dump 10.13  Distrib 5.7.32, for osx10.16 (x86_64)
--
-- Host: 10.1.3.28    Database: kylin_semantic_test_1.2.4
-- ------------------------------------------------------
-- Server version	5.7.26

/*!40101 SET @OLD_CHARACTER_SET_CLIENT=@@CHARACTER_SET_CLIENT */;
/*!40101 SET @OLD_CHARACTER_SET_RESULTS=@@CHARACTER_SET_RESULTS */;
/*!40101 SET @OLD_COLLATION_CONNECTION=@@COLLATION_CONNECTION */;
/*!40101 SET NAMES utf8 */;
/*!40103 SET @OLD_TIME_ZONE=@@TIME_ZONE */;
/*!40103 SET TIME_ZONE='+00:00' */;
/*!40014 SET @OLD_UNIQUE_CHECKS=@@UNIQUE_CHECKS, UNIQUE_CHECKS=0 */;
/*!40014 SET @OLD_FOREIGN_KEY_CHECKS=@@FOREIGN_KEY_CHECKS, FOREIGN_KEY_CHECKS=0 */;
/*!40101 SET @OLD_SQL_MODE=@@SQL_MODE, SQL_MODE='NO_AUTO_VALUE_ON_ZERO' */;
/*!40111 SET @OLD_SQL_NOTES=@@SQL_NOTES, SQL_NOTES=0 */;

--
-- Table structure for table `calculate_measure`
--

DROP TABLE IF EXISTS `calculate_measure`;
/*!40101 SET @saved_cs_client     = @@character_set_client */;
/*!40101 SET character_set_client = utf8 */;
CREATE TABLE `calculate_measure` (
  `id` int(11) NOT NULL AUTO_INCREMENT,
  `dataset_id` int(11) NOT NULL,
  `name` varchar(100) NOT NULL,
  `expression` varchar(5000) NOT NULL,
  `format` varchar(50) NOT NULL,
  `measure_folder` varchar(200) NOT NULL DEFAULT '' COMMENT 'the folder which CM belongs to',
  `extend` varchar(3000) NOT NULL DEFAULT '',
  `visible_flag` tinyint(1) NOT NULL DEFAULT '1',
  `translation` varchar(500) DEFAULT NULL,
  `subfolder` varchar(100) DEFAULT NULL,
  `non_empty_behavior` varchar(3000) NOT NULL DEFAULT '[]',
  PRIMARY KEY (`id`) USING BTREE
) ENGINE=InnoDB AUTO_INCREMENT=653 DEFAULT CHARSET=utf8 COMMENT='calculation measure table';
/*!40101 SET character_set_client = @saved_cs_client */;

--
-- Dumping data for table `calculate_measure`
--

LOCK TABLES `calculate_measure` WRITE;
/*!40000 ALTER TABLE `calculate_measure` DISABLE KEYS */;
INSERT INTO `calculate_measure` (`id`, `dataset_id`, `name`, `expression`, `format`, `measure_folder`, `extend`, `visible_flag`, `translation`, `subfolder`, `non_empty_behavior`) VALUES (4,4,'GMV','[Measures].[GMV_销售额] + 1000','$#,###','','{\"visible\":[{\"name\":\"ADMIN\",\"type\":\"user\"}]}',1,NULL,NULL,'[]'),(5,5,'销售数量CM','[Measures].[saless amount] + 1000','$#,###','','',1,NULL,NULL,'[]'),(480,1454,'计算度量1','[Measures].[PAF_FACT_FACT_LEG_COUNT] * 1.5','$#,###','','',1,NULL,NULL,'[]'),(481,1455,'无效的CM','[Measures].[不存在的度量] * 1.5','$#,###','','',1,NULL,NULL,'[]');
/*!40000 ALTER TABLE `calculate_measure` ENABLE KEYS */;
UNLOCK TABLES;

--
-- Table structure for table `common_dim_relation`
--

DROP TABLE IF EXISTS `common_dim_relation`;
/*!40101 SET @saved_cs_client     = @@character_set_client */;
/*!40101 SET character_set_client = utf8 */;
CREATE TABLE `common_dim_relation` (
  `id` int(11) NOT NULL AUTO_INCREMENT,
  `dataset_id` int(11) NOT NULL,
  `model` varchar(100) NOT NULL,
  `model_related` varchar(100) NOT NULL,
  `relation` varchar(500) NOT NULL COMMENT 'the relation between two models, like dim_t1=dim_t1,dim_t2=dim_t2',
  PRIMARY KEY (`id`) USING BTREE
) ENGINE=InnoDB AUTO_INCREMENT=2139 DEFAULT CHARSET=utf8 COMMENT='common dimension among models';
/*!40101 SET character_set_client = @saved_cs_client */;

--
-- Dumping data for table `common_dim_relation`
--

LOCK TABLES `common_dim_relation` WRITE;
/*!40000 ALTER TABLE `common_dim_relation` DISABLE KEYS */;
INSERT INTO `common_dim_relation` (`id`, `dataset_id`, `model`, `model_related`, `relation`) VALUES (4,4,'snowflake_inner_hierarcy_cube','',''),(5,5,'snowflake_inner_hierarcy_cube','',''),(1452,1454,'EJ_Cube1','EJ_Cube2','PAF_DIM_FLIGHT=PAF_DIM_FLIGHT,PAF_DIM_CAL=PAF_DIM_CAL'),(1453,1454,'EJ_Cube2','EJ_Cube3','PAF_DIM_FLIGHT=PAF_DIM_FLIGHT,PAF_DIM_PASSENGER=PAF_DIM_PASSENGER,PAF_FACT_TRIP=PAF_FACT_TRIP,PAF_DIM_CAL=PAF_DIM_CAL'),(1454,1454,'EJ_Cube3','EJ_Cube4','PAF_DIM_FLIGHT=PAF_DIM_FLIGHT,PAF_DIM_PASSENGER=PAF_DIM_PASSENGER,PAF_DIM_CAL=PAF_DIM_CAL'),(1455,1454,'EJ_Cube4','EJ_Cube5','PAF_FACT_BOOKING=PAF_FACT_BOOKING,PAF_DIM_FLIGHT=PAF_DIM_FLIGHT,PAF_DIM_PASSENGER=PAF_DIM_PASSENGER,PAF_DIM_CAL=PAF_DIM_CAL'),(1456,1454,'EJ_Cube5','EJ_Cube6','PAF_DIM_CAL=PAF_DIM_CAL,PAF_FACT_BOOKING=PAF_FACT_BOOKING'),(1457,1455,'EJ_Cube1','','');
/*!40000 ALTER TABLE `common_dim_relation` ENABLE KEYS */;
UNLOCK TABLES;

--
-- Table structure for table `custom_hierarchy`
--

DROP TABLE IF EXISTS `custom_hierarchy`;
/*!40101 SET @saved_cs_client     = @@character_set_client */;
/*!40101 SET character_set_client = utf8 */;
CREATE TABLE `custom_hierarchy` (
  `id` int(11) NOT NULL AUTO_INCREMENT,
  `dataset_id` int(11) NOT NULL,
  `model` varchar(100) NOT NULL,
  `dim_table` varchar(100) NOT NULL COMMENT 'such as：DEFAULT.KYLIN_SALES',
  `name` varchar(100) NOT NULL,
  `dim_col` varchar(100) NOT NULL,
  `description` varchar(1000) NOT NULL DEFAULT '',
  `translation` varchar(500) DEFAULT NULL,
  PRIMARY KEY (`id`) USING BTREE
) ENGINE=InnoDB AUTO_INCREMENT=1951 DEFAULT CHARSET=utf8 COMMENT='custom hierarchy table';
/*!40101 SET character_set_client = @saved_cs_client */;

--
-- Dumping data for table `custom_hierarchy`
--

LOCK TABLES `custom_hierarchy` WRITE;
/*!40000 ALTER TABLE `custom_hierarchy` DISABLE KEYS */;
INSERT INTO `custom_hierarchy` (`id`, `dataset_id`, `model`, `dim_table`, `name`, `dim_col`, `description`, `translation`) VALUES (10,4,'snowflake_inner_hierarcy_cube','KYLIN_CATEGORY_GROUPINGS','CATEGORY','META_CATEG_NAME','',NULL),(11,4,'snowflake_inner_hierarcy_cube','KYLIN_CATEGORY_GROUPINGS','CATEGORY','CATEG_LVL2_NAME','',NULL),(12,4,'snowflake_inner_hierarcy_cube','KYLIN_CATEGORY_GROUPINGS','CATEGORY','CATEG_LVL3_NAME','',NULL),(13,5,'snowflake_inner_hierarcy_cube','KYLIN_CATEGORY_GROUPINGS','CATEGORY','META_CATEG_NAME','',NULL),(14,5,'snowflake_inner_hierarcy_cube','KYLIN_CATEGORY_GROUPINGS','CATEGORY','CATEG_LVL2_NAME','',NULL),(15,5,'snowflake_inner_hierarcy_cube','KYLIN_CATEGORY_GROUPINGS','CATEGORY','CATEG_LVL3_NAME','',NULL),(1432,1454,'EJ_Cube1','PAF_DIM_FLIGHT','飞行的层级结构','DIMFLIGHTID','',NULL),(1433,1454,'EJ_Cube1','PAF_DIM_FLIGHT','飞行的层级结构','DIMFLIGHTDATE','',NULL),(1434,1454,'EJ_Cube1','PAF_DIM_FLIGHT','飞行的层级结构','DIMFLIGHTCODE','',NULL);
/*!40000 ALTER TABLE `custom_hierarchy` ENABLE KEYS */;
UNLOCK TABLES;

--
-- Table structure for table `dataset`
--

DROP TABLE IF EXISTS `dataset`;
/*!40101 SET @saved_cs_client     = @@character_set_client */;
/*!40101 SET character_set_client = utf8 */;
CREATE TABLE `dataset` (
  `id` int(11) NOT NULL AUTO_INCREMENT,
  `project` varchar(100) NOT NULL,
  `dataset` varchar(100) NOT NULL,
  `type` int(11) NOT NULL COMMENT 'dataset type，0:MDX | 1:SQL',
  `create_user` varchar(100) NOT NULL,
  `create_time` bigint(20) NOT NULL DEFAULT '0',
  `modify_time` bigint(20) NOT NULL DEFAULT '0',
  `canvas` varchar(5000) NOT NULL DEFAULT '',
  `status` varchar(10) NOT NULL DEFAULT 'NORMAL' COMMENT 'dataset status: NORMAL | BROKEN',
  `broken_msg` varchar(5000) NOT NULL DEFAULT '' COMMENT 'the broken detail info when dataset is broken',
  `front_v` varchar(20) NOT NULL DEFAULT 'v0.1',
  `extend` varchar(5000) NOT NULL,
  `translation_types` varchar(100) DEFAULT NULL,
  `access` int(11) DEFAULT '0' COMMENT '0: allow_list, 1:block_list',
  PRIMARY KEY (`id`) USING BTREE
) ENGINE=InnoDB AUTO_INCREMENT=2052 DEFAULT CHARSET=utf8 COMMENT='semantic-dataset';
/*!40101 SET character_set_client = @saved_cs_client */;

--
-- Dumping data for table `dataset`
--

LOCK TABLES `dataset` WRITE;
/*!40000 ALTER TABLE `dataset` DISABLE KEYS */;
INSERT INTO `dataset` (`id`, `project`, `dataset`, `type`, `create_user`, `create_time`, `modify_time`, `canvas`, `status`, `broken_msg`, `front_v`, `extend`, `translation_types`, `access`) VALUES (4,'mdx_automation_test','snowflake_dataset',0,'ADMIN',1556421057,1612662418,'','BROKEN','{}','v0.2','',NULL,0),(5,'mdx_automation_test','snowflake_dataset_sql',1,'ADMIN',1556421394,1556421394,'','NORMAL','','v0.2','',NULL,0),(1454,'EasyJet','POC_Test_2',0,'ADMIN',1559383752,1559383752,'{\"models\":[{\"name\":\"EJ_Cube1\",\"x\":41,\"y\":12,\"top\":[],\"right\":[{\"direction\":\"Left\",\"name\":\"EJ_Cube2\"}],\"bottom\":[],\"left\":[]},{\"name\":\"EJ_Cube2\",\"x\":363,\"y\":13,\"top\":[],\"right\":[{\"direction\":\"Left\",\"name\":\"EJ_Cube3\"}],\"bottom\":[],\"left\":[]},{\"name\":\"EJ_Cube3\",\"x\":232,\"y\":205,\"top\":[],\"right\":[{\"direction\":\"Left\",\"name\":\"EJ_Cube4\"}],\"bottom\":[],\"left\":[]},{\"name\":\"EJ_Cube4\",\"x\":524,\"y\":202,\"top\":[],\"right\":[{\"direction\":\"Left\",\"name\":\"EJ_Cube5\"}],\"bottom\":[],\"left\":[]},{\"name\":\"EJ_Cube5\",\"x\":334,\"y\":378,\"top\":[],\"right\":[{\"direction\":\"Left\",\"name\":\"EJ_Cube6\"}],\"bottom\":[],\"left\":[]},{\"name\":\"EJ_Cube6\",\"x\":692,\"y\":367,\"top\":[],\"right\":[],\"bottom\":[],\"left\":[]}]}','NORMAL','','v0.2','',NULL,0),(1455,'EasyJet','POC_Test_2_cm_invalid',0,'ADMIN',1559383752,1559383752,'','BROKEN','{}','v0.2','',NULL,0);
/*!40000 ALTER TABLE `dataset` ENABLE KEYS */;
UNLOCK TABLES;

--
-- Table structure for table `dim_table_model_rel`
--

DROP TABLE IF EXISTS `dim_table_model_rel`;
/*!40101 SET @saved_cs_client     = @@character_set_client */;
/*!40101 SET character_set_client = utf8 */;
CREATE TABLE `dim_table_model_rel` (
  `id` int(11) NOT NULL AUTO_INCREMENT,
  `dataset_id` int(11) NOT NULL,
  `model` varchar(100) NOT NULL,
  `dim_table` varchar(100) NOT NULL,
  `relation` int(11) NOT NULL COMMENT 'joint type，0:joint | 1:not joint | 2: many to many',
  `intermediate_dim_table` varchar(100) NOT NULL DEFAULT '' COMMENT 'when relation is 2，need to specify it',
  `primary_dim_col` varchar(100) NOT NULL DEFAULT '' COMMENT 'when relation is 2，need to specify it',
  PRIMARY KEY (`id`) USING BTREE
) ENGINE=InnoDB AUTO_INCREMENT=4125 DEFAULT CHARSET=utf8 COMMENT='the relationshiop beteween dimension table and model';
/*!40101 SET character_set_client = @saved_cs_client */;

--
-- Dumping data for table `dim_table_model_rel`
--

LOCK TABLES `dim_table_model_rel` WRITE;
/*!40000 ALTER TABLE `dim_table_model_rel` DISABLE KEYS */;
INSERT INTO `dim_table_model_rel` (`id`, `dataset_id`, `model`, `dim_table`, `relation`, `intermediate_dim_table`, `primary_dim_col`) VALUES (7,4,'snowflake_inner_hierarcy_cube','SELLER_COUNTRY',0,'',''),(8,4,'snowflake_inner_hierarcy_cube','BUYER_COUNTRY',0,'',''),(9,4,'snowflake_inner_hierarcy_cube','BUYER_ACCOUNT',0,'',''),(10,4,'snowflake_inner_hierarcy_cube','KYLIN_CATEGORY_GROUPINGS',0,'',''),(2738,1454,'EJ_Cube2','PAF_DIM_CAL',0,'',''),(2739,1454,'EJ_Cube2','PAF_DIM_FLIGHT',2,'PAF_DIM_PASSENGER','PAF_FACT_TRIP.FACTTRIPID'),(2740,1454,'EJ_Cube2','PAF_DIM_PASSENGER',2,'PAF_DIM_FLIGHT','PAF_FACT_TRIP.FACTTRIPID'),(2741,1454,'EJ_Cube2','PAF_FACT_TRIP',0,'',''),(2742,1454,'EJ_Cube1','PAF_DIM_CAL',0,'',''),(2743,1454,'EJ_Cube1','PAF_DIM_FLIGHT',0,'',''),(2744,1454,'EJ_Cube1','PAF_FACT_LEG',0,'',''),(2745,1454,'EJ_Cube4','PAF_DIM_CAL',0,'',''),(2746,1454,'EJ_Cube4','PAF_DIM_FLIGHT',2,'PAF_DIM_FLIGHT','PAF_FACT_BOOKING.FACTBOOKINGID'),(2747,1454,'EJ_Cube4','PAF_DIM_PASSENGER',2,'PAF_DIM_FLIGHT','PAF_FACT_BOOKING.FACTBOOKINGID'),(2748,1454,'EJ_Cube4','PAF_FACT_BOOKING',0,'',''),(2749,1454,'EJ_Cube3','PAF_DIM_CAL',0,'',''),(2750,1454,'EJ_Cube3','PAF_DIM_FLIGHT',2,'PAF_DIM_PASSENGER','PAF_FACT_TRIP.FACTTRIPID'),(2751,1454,'EJ_Cube3','PAF_DIM_PASSENGER',2,'PAF_DIM_FLIGHT','PAF_FACT_TRIP.FACTTRIPID'),(2752,1454,'EJ_Cube3','PAF_FACT_TRIP',0,'',''),(2753,1454,'EJ_Cube6','PAF_DIM_CAL',0,'',''),(2754,1454,'EJ_Cube6','PAF_FACT_BOOKING',0,'',''),(2755,1454,'EJ_Cube5','PAF_DIM_CAL',0,'',''),(2756,1454,'EJ_Cube5','PAF_DIM_FLIGHT',2,'PAF_DIM_PASSENGER','PAF_FACT_BOOKING.FACTBOOKINGID'),(2757,1454,'EJ_Cube5','PAF_DIM_PASSENGER',2,'PAF_DIM_FLIGHT','PAF_FACT_BOOKING.FACTBOOKINGID'),(2758,1454,'EJ_Cube5','PAF_FACT_BOOKING',0,'',''),(2759,1455,'EJ_Cube1','PAF_DIM_CAL',0,'',''),(2760,1455,'EJ_Cube1','PAF_DIM_FLIGHT',0,'',''),(2761,1455,'EJ_Cube1','PAF_FACT_LEG',0,'','');
/*!40000 ALTER TABLE `dim_table_model_rel` ENABLE KEYS */;
UNLOCK TABLES;

--
-- Table structure for table `mdx_info`
--

DROP TABLE IF EXISTS `mdx_info`;
/*!40101 SET @saved_cs_client     = @@character_set_client */;
/*!40101 SET character_set_client = utf8 */;
CREATE TABLE `mdx_info` (
  `id` int(11) NOT NULL AUTO_INCREMENT,
  `mdx_version` varchar(50) DEFAULT NULL,
  `create_time` bigint(20) NOT NULL DEFAULT '0',
  `modify_time` bigint(20) NOT NULL DEFAULT '0',
  PRIMARY KEY (`id`)
) ENGINE=InnoDB AUTO_INCREMENT=2 DEFAULT CHARSET=utf8 COMMENT='mdx info';
/*!40101 SET character_set_client = @saved_cs_client */;

--
-- Dumping data for table `mdx_info`
--

LOCK TABLES `mdx_info` WRITE;
/*!40000 ALTER TABLE `mdx_info` DISABLE KEYS */;
INSERT INTO `mdx_info` (`id`, `mdx_version`, `create_time`, `modify_time`) VALUES (1,'UNKNOWN',1599231296,1612662409);
/*!40000 ALTER TABLE `mdx_info` ENABLE KEYS */;
UNLOCK TABLES;

--
-- Table structure for table `mdx_query`
--

DROP TABLE IF EXISTS `mdx_query`;
/*!40101 SET @saved_cs_client     = @@character_set_client */;
/*!40101 SET character_set_client = utf8 */;
CREATE TABLE `mdx_query` (
  `id` int(11) NOT NULL AUTO_INCREMENT,
  `mdx_query_id` char(36) NOT NULL,
  `mdx_text` text NOT NULL,
  `start` bigint(20) DEFAULT NULL,
  `total_execution_time` bigint(20) DEFAULT NULL,
  `username` varchar(255) NOT NULL,
  `success` tinyint(1) NOT NULL DEFAULT '0',
  `project` varchar(255) NOT NULL,
  `application` varchar(64) NOT NULL,
  `mdx_cache_used` tinyint(1) NOT NULL DEFAULT '0',
  `before_connection` bigint(20) DEFAULT NULL,
  `connection` bigint(20) DEFAULT NULL,
  `hierarchy_load` bigint(20) DEFAULT NULL,
  `olaplayout_construction` bigint(20) DEFAULT NULL,
  `aggregationqueries_construction` bigint(20) DEFAULT NULL,
  `aggregationqueries_execution` bigint(20) DEFAULT NULL,
  `otherresult_construction` bigint(20) DEFAULT NULL,
  `network_package` int(11) DEFAULT NULL,
  `timeout` tinyint(1) NOT NULL DEFAULT '0',
  `message` varchar(5000) DEFAULT NULL,
  `calculate_axes` bigint(20) DEFAULT NULL,
  `calculate_cell` bigint(20) DEFAULT NULL,
  `calculate_cellrequest_num` bigint(20) DEFAULT NULL,
  `create_rolapresult` bigint(20) DEFAULT NULL,
  `create_multidimensional_dataset` bigint(20) DEFAULT NULL,
  `marshall_soap_message` bigint(20) DEFAULT NULL,
  `dataset_name` varchar(255) NOT NULL,
  `gateway` tinyint(1) NOT NULL DEFAULT '0',
  `other_used` tinyint(1) NOT NULL DEFAULT '0',
  `reserved_field_1` varchar(2000) DEFAULT NULL,
  `reserved_field_2` varchar(2000) DEFAULT NULL,
  `reserved_field_3` varchar(5000) DEFAULT NULL,
  `reserved_field_4` varchar(5000) DEFAULT NULL,
  `reserved_field_5` text,
  PRIMARY KEY (`id`),
  UNIQUE KEY `unique_pk` (`mdx_query_id`),
  KEY `mdx_query_id_key` (`mdx_query_id`),
  KEY `project_key` (`project`),
  KEY `start_key` (`start`),
  KEY `success_key` (`success`),
  KEY `total_execution_time_key` (`total_execution_time`),
  KEY `dataset_name_key` (`dataset_name`)
) ENGINE=InnoDB DEFAULT CHARSET=utf8 COMMENT='MDX QUERY table';
/*!40101 SET character_set_client = @saved_cs_client */;

--
-- Dumping data for table `mdx_query`
--

LOCK TABLES `mdx_query` WRITE;
/*!40000 ALTER TABLE `mdx_query` DISABLE KEYS */;
/*!40000 ALTER TABLE `mdx_query` ENABLE KEYS */;
UNLOCK TABLES;

--
-- Table structure for table `measure_group`
--

DROP TABLE IF EXISTS `measure_group`;
/*!40101 SET @saved_cs_client     = @@character_set_client */;
/*!40101 SET character_set_client = utf8 */;
CREATE TABLE `measure_group` (
  `id` int(11) NOT NULL AUTO_INCREMENT,
  `dataset_id` int(11) NOT NULL,
  `name` varchar(100) NOT NULL,
  `dim_table` varchar(100) NOT NULL DEFAULT '',
  `calculate_measure` varchar(100) NOT NULL DEFAULT '',
  PRIMARY KEY (`id`) USING BTREE
) ENGINE=InnoDB DEFAULT CHARSET=utf8 COMMENT='measure group info table';
/*!40101 SET character_set_client = @saved_cs_client */;

--
-- Dumping data for table `measure_group`
--

LOCK TABLES `measure_group` WRITE;
/*!40000 ALTER TABLE `measure_group` DISABLE KEYS */;
/*!40000 ALTER TABLE `measure_group` ENABLE KEYS */;
UNLOCK TABLES;

--
-- Table structure for table `named_dim_col`
--

DROP TABLE IF EXISTS `named_dim_col`;
/*!40101 SET @saved_cs_client     = @@character_set_client */;
/*!40101 SET character_set_client = utf8 */;
CREATE TABLE `named_dim_col` (
  `id` int(11) NOT NULL AUTO_INCREMENT,
  `dataset_id` int(11) NOT NULL,
  `model` varchar(100) NOT NULL,
  `dim_table` varchar(100) NOT NULL COMMENT 'KYLIN_SALES',
  `dim_col` varchar(100) NOT NULL,
  `dim_col_alias` varchar(100) NOT NULL,
  `col_type` int(11) NOT NULL DEFAULT '0' COMMENT '0:default, 1:levelYears, 2:levelQuarters, 3:levelMonths, 4:levelWeeks',
  `data_type` varchar(50) NOT NULL DEFAULT '',
  `extend` varchar(3000) NOT NULL DEFAULT '',
  `visible_flag` tinyint(1) NOT NULL DEFAULT '1',
  `name_column` varchar(100) DEFAULT NULL,
  `value_column` varchar(100) DEFAULT NULL,
  `translation` varchar(500) DEFAULT NULL,
  `subfolder` varchar(100) DEFAULT NULL,
  `default_member` varchar(1000) DEFAULT NULL,
  PRIMARY KEY (`id`) USING BTREE
) ENGINE=InnoDB AUTO_INCREMENT=5280 DEFAULT CHARSET=utf8 COMMENT='table column alias and type info';
/*!40101 SET character_set_client = @saved_cs_client */;

--
-- Dumping data for table `named_dim_col`
--

LOCK TABLES `named_dim_col` WRITE;
/*!40000 ALTER TABLE `named_dim_col` DISABLE KEYS */;
INSERT INTO `named_dim_col` (`id`, `dataset_id`, `model`, `dim_table`, `dim_col`, `dim_col_alias`, `col_type`, `data_type`, `extend`, `visible_flag`, `name_column`, `value_column`, `translation`, `subfolder`, `default_member`) VALUES (13,4,'snowflake_inner_hierarcy_cube','SELLER_COUNTRY','NAME','NAME',0,'VARCHAR','{\"visible\":[{\"name\":\"ADMIN\",\"type\":\"user\"}]}',1,NULL,NULL,NULL,NULL,NULL),(14,4,'snowflake_inner_hierarcy_cube','BUYER_COUNTRY','NAME','NAME',0,'VARCHAR','{\"visible\":[{\"name\":\"ADMIN\",\"type\":\"user\"}]}',1,NULL,NULL,NULL,NULL,NULL),(15,4,'snowflake_inner_hierarcy_cube','BUYER_ACCOUNT','ACCOUNT_BUYER_LEVEL','ACCOUNT_BUYER_LEVEL',0,'INTEGER','',1,NULL,NULL,NULL,NULL,NULL),(16,4,'snowflake_inner_hierarcy_cube','KYLIN_CATEGORY_GROUPINGS','CATEG_LVL2_NAME','CATEG_LVL2_NAME',0,'VARCHAR','{\"visible\":[{\"name\":\"ADMIN\",\"type\":\"user\"}]}',1,NULL,NULL,NULL,NULL,NULL),(17,4,'snowflake_inner_hierarcy_cube','KYLIN_CATEGORY_GROUPINGS','CATEG_LVL3_NAME','CATEG_LVL3_NAME',0,'VARCHAR','{\"visible\":[{\"name\":\"ADMIN\",\"type\":\"user\"}]}',1,NULL,NULL,NULL,NULL,NULL),(18,4,'snowflake_inner_hierarcy_cube','KYLIN_CATEGORY_GROUPINGS','META_CATEG_NAME','META_CATEG_NAME',0,'VARCHAR','{\"visible\":[{\"name\":\"ADMIN\",\"type\":\"user\"}]}',1,NULL,NULL,NULL,NULL,NULL),(19,5,'snowflake_inner_hierarcy_cube','SELLER_COUNTRY','NAME','NAME',0,'VARCHAR','',1,NULL,NULL,NULL,NULL,NULL),(20,5,'snowflake_inner_hierarcy_cube','BUYER_COUNTRY','NAME','NAME',0,'VARCHAR','',1,NULL,NULL,NULL,NULL,NULL),(21,5,'snowflake_inner_hierarcy_cube','BUYER_ACCOUNT','ACCOUNT_BUYER_LEVEL','ACCOUNT_BUYER_LEVEL',0,'INTEGER','',1,NULL,NULL,NULL,NULL,NULL),(22,5,'snowflake_inner_hierarcy_cube','KYLIN_CATEGORY_GROUPINGS','CATEG_LVL2_NAME','CATEG_LVL2_NAME',0,'VARCHAR','',1,NULL,NULL,NULL,NULL,NULL),(23,5,'snowflake_inner_hierarcy_cube','KYLIN_CATEGORY_GROUPINGS','CATEG_LVL3_NAME','CATEG_LVL3_NAME',0,'VARCHAR','',1,NULL,NULL,NULL,NULL,NULL),(24,5,'snowflake_inner_hierarcy_cube','KYLIN_CATEGORY_GROUPINGS','META_CATEG_NAME','META_CATEG_NAME',0,'VARCHAR','',1,NULL,NULL,NULL,NULL,NULL),(1517,1454,'EJ_Cube1','PAF_DIM_CAL','DIMDATE','DIMDATE',0,'DATE','',1,NULL,NULL,NULL,NULL,NULL),(1518,1454,'EJ_Cube1','PAF_DIM_CAL','DIMWEEKDAY','DIMWEEKDAY',0,'VARCHAR','',1,NULL,NULL,NULL,NULL,NULL),(1519,1454,'EJ_Cube1','PAF_DIM_FLIGHT','DIMFLIGHTCODE','DIMFLIGHTCODE',0,'VARCHAR','',1,NULL,NULL,NULL,NULL,NULL),(1520,1454,'EJ_Cube1','PAF_DIM_FLIGHT','DIMFLIGHTDATE','DIMFLIGHTDATE',0,'DATE','',1,NULL,NULL,NULL,NULL,NULL),(1521,1454,'EJ_Cube1','PAF_DIM_FLIGHT','DIMFLIGHTID','DIMFLIGHTID',0,'INTEGER','',1,NULL,NULL,NULL,NULL,NULL),(1522,1454,'EJ_Cube1','PAF_FACT_LEG','DIMFLIGHTID','DIMFLIGHTID',0,'INTEGER','',1,NULL,NULL,NULL,NULL,NULL),(1523,1454,'EJ_Cube1','PAF_FACT_LEG','FACTLEGID','FACTLEGID',0,'INTEGER','',1,NULL,NULL,NULL,NULL,NULL),(1524,1454,'EJ_Cube2','PAF_DIM_PASSENGER','DIMPASSDOJ','DIMPASSDOJ',0,'DATE','',1,NULL,NULL,NULL,NULL,NULL),(1525,1454,'EJ_Cube2','PAF_DIM_PASSENGER','DIMPASSID','DIMPASSID',0,'INTEGER','',1,NULL,NULL,NULL,NULL,NULL),(1526,1454,'EJ_Cube2','PAF_DIM_PASSENGER','DIMPASSNAME','DIMPASSNAME',0,'VARCHAR','',1,NULL,NULL,NULL,NULL,NULL),(1527,1454,'EJ_Cube2','PAF_FACT_TRIP','DIMFLIGHTID','DIMFLIGHTID',0,'INTEGER','',1,NULL,NULL,NULL,NULL,NULL),(1528,1454,'EJ_Cube2','PAF_FACT_TRIP','DIMPASSID','DIMPASSID',0,'INTEGER','',1,NULL,NULL,NULL,NULL,NULL),(1529,1454,'EJ_Cube2','PAF_FACT_TRIP','FACTTRIPID','FACTTRIPID',0,'INTEGER','',1,NULL,NULL,NULL,NULL,NULL),(1530,1454,'EJ_Cube4','PAF_FACT_BOOKING','BOOKEDDATE','BOOKEDDATE',0,'TIMESTAMP','',1,NULL,NULL,NULL,NULL,NULL),(1531,1454,'EJ_Cube4','PAF_FACT_BOOKING','DIMFLIGHTID','DIMFLIGHTID',0,'INTEGER','',1,NULL,NULL,NULL,NULL,NULL),(1532,1454,'EJ_Cube4','PAF_FACT_BOOKING','DIMPASSID','DIMPASSID',0,'INTEGER','',1,NULL,NULL,NULL,NULL,NULL),(1533,1454,'EJ_Cube4','PAF_FACT_BOOKING','FACTBOOKINGID','FACTBOOKINGID',0,'INTEGER','',1,NULL,NULL,NULL,NULL,NULL),(1534,1455,'EJ_Cube1','PAF_DIM_CAL','DIMDATE','DIMDATE',0,'DATE','',1,NULL,NULL,NULL,NULL,NULL),(1535,1455,'EJ_Cube1','PAF_DIM_CAL','DIMWEEKDAY','DIMWEEKDAY',0,'VARCHAR','',1,NULL,NULL,NULL,NULL,NULL),(1536,1455,'EJ_Cube1','PAF_DIM_FLIGHT','DIMFLIGHTCODE','DIMFLIGHTCODE',0,'VARCHAR','',1,NULL,NULL,NULL,NULL,NULL),(1537,1455,'EJ_Cube1','PAF_DIM_FLIGHT','DIMFLIGHTDATE','DIMFLIGHTDATE',0,'DATE','',1,NULL,NULL,NULL,NULL,NULL),(1538,1455,'EJ_Cube1','PAF_DIM_FLIGHT','DIMFLIGHTID','DIMFLIGHTID',0,'INTEGER','',1,NULL,NULL,NULL,NULL,NULL),(1539,1455,'EJ_Cube1','PAF_FACT_LEG','DIMFLIGHTID','DIMFLIGHTID',0,'INTEGER','',1,NULL,NULL,NULL,NULL,NULL),(1540,1455,'EJ_Cube1','PAF_FACT_LEG','FACTLEGID','FACTLEGID',0,'INTEGER','',1,NULL,NULL,NULL,NULL,NULL);
/*!40000 ALTER TABLE `named_dim_col` ENABLE KEYS */;
UNLOCK TABLES;

--
-- Table structure for table `named_dim_table`
--

DROP TABLE IF EXISTS `named_dim_table`;
/*!40101 SET @saved_cs_client     = @@character_set_client */;
/*!40101 SET character_set_client = utf8 */;
CREATE TABLE `named_dim_table` (
  `id` int(11) NOT NULL AUTO_INCREMENT,
  `dataset_id` int(11) NOT NULL,
  `model` varchar(100) NOT NULL,
  `dim_table` varchar(100) NOT NULL COMMENT 'KYLIN_SALES',
  `dim_table_alias` varchar(100) NOT NULL DEFAULT '',
  `dim_table_type` varchar(100) NOT NULL DEFAULT 'regular' COMMENT 'values: regular|time',
  `actual_table` varchar(200) NOT NULL DEFAULT '',
  `fact_table` varchar(200) NOT NULL DEFAULT '',
  `translation` varchar(500) DEFAULT NULL,
  PRIMARY KEY (`id`) USING BTREE
) ENGINE=InnoDB AUTO_INCREMENT=2397 DEFAULT CHARSET=utf8 COMMENT='dim table alias and type info';
/*!40101 SET character_set_client = @saved_cs_client */;

--
-- Dumping data for table `named_dim_table`
--

LOCK TABLES `named_dim_table` WRITE;
/*!40000 ALTER TABLE `named_dim_table` DISABLE KEYS */;
INSERT INTO `named_dim_table` (`id`, `dataset_id`, `model`, `dim_table`, `dim_table_alias`, `dim_table_type`, `actual_table`, `fact_table`, `translation`) VALUES (7,4,'snowflake_inner_hierarcy_cube','SELLER_COUNTRY','SELLER_COUNTRY','regular','DEFAULT.KYLIN_COUNTRY','DEFAULT.KYLIN_SALES',NULL),(8,4,'snowflake_inner_hierarcy_cube','BUYER_COUNTRY','BUYER_COUNTRY','regular','DEFAULT.KYLIN_COUNTRY','DEFAULT.KYLIN_SALES',NULL),(9,4,'snowflake_inner_hierarcy_cube','BUYER_ACCOUNT','购买者账户维表','regular','DEFAULT.KYLIN_ACCOUNT','DEFAULT.KYLIN_SALES',NULL),(10,4,'snowflake_inner_hierarcy_cube','KYLIN_CATEGORY_GROUPINGS','KYLIN_CATEGORY_GROUPINGS','regular','DEFAULT.KYLIN_CATEGORY_GROUPINGS','DEFAULT.KYLIN_SALES',NULL),(11,5,'snowflake_inner_hierarcy_cube','SELLER_COUNTRY','卖家国家信息表','regular','DEFAULT.KYLIN_COUNTRY','DEFAULT.KYLIN_SALES',NULL),(12,5,'snowflake_inner_hierarcy_cube','BUYER_COUNTRY','买家国家信息表','regular','DEFAULT.KYLIN_COUNTRY','DEFAULT.KYLIN_SALES',NULL),(13,5,'snowflake_inner_hierarcy_cube','BUYER_ACCOUNT','BUYER_ACCOUNT','regular','DEFAULT.KYLIN_ACCOUNT','DEFAULT.KYLIN_SALES',NULL),(14,5,'snowflake_inner_hierarcy_cube','KYLIN_CATEGORY_GROUPINGS','KYLIN_CATEGORY_GROUPINGS','regular','DEFAULT.KYLIN_CATEGORY_GROUPINGS','DEFAULT.KYLIN_SALES',NULL),(519,1454,'EJ_Cube1','PAF_DIM_CAL','PAF_DIM_CAL','regular','EASYJET.PAF_DIM_CAL','EASYJET.PAF_FACT_LEG',NULL),(520,1454,'EJ_Cube1','PAF_DIM_FLIGHT','PAF_DIM_FLIGHT','regular','EASYJET.PAF_DIM_FLIGHT','EASYJET.PAF_FACT_LEG',NULL),(521,1454,'EJ_Cube1','PAF_FACT_LEG','PAF_FACT_LEG','regular','EASYJET.PAF_FACT_LEG','EASYJET.PAF_FACT_LEG',NULL),(522,1454,'EJ_Cube2','PAF_DIM_PASSENGER','PAF_DIM_PASSENGER','regular','EASYJET.PAF_DIM_PASSENGER','EASYJET.PAF_FACT_TRIP',NULL),(523,1454,'EJ_Cube2','PAF_FACT_TRIP','PAF_FACT_TRIP','regular','EASYJET.PAF_FACT_TRIP','EASYJET.PAF_FACT_TRIP',NULL),(524,1454,'EJ_Cube4','PAF_FACT_BOOKING','PAF_FACT_BOOKING','regular','EASYJET.PAF_FACT_BOOKING','EASYJET.PAF_FACT_BOOKING',NULL),(525,1455,'EJ_Cube1','PAF_DIM_CAL','PAF_DIM_CAL','regular','EASYJET.PAF_DIM_CAL','EASYJET.PAF_FACT_LEG',NULL),(526,1455,'EJ_Cube1','PAF_DIM_FLIGHT','PAF_DIM_FLIGHT','regular','EASYJET.PAF_DIM_FLIGHT','EASYJET.PAF_FACT_LEG',NULL),(527,1455,'EJ_Cube1','PAF_FACT_LEG','PAF_FACT_LEG','regular','EASYJET.PAF_FACT_LEG','EASYJET.PAF_FACT_LEG',NULL);
/*!40000 ALTER TABLE `named_dim_table` ENABLE KEYS */;
UNLOCK TABLES;

--
-- Table structure for table `named_measure`
--

DROP TABLE IF EXISTS `named_measure`;
/*!40101 SET @saved_cs_client     = @@character_set_client */;
/*!40101 SET character_set_client = utf8 */;
CREATE TABLE `named_measure` (
  `id` int(11) NOT NULL AUTO_INCREMENT,
  `dataset_id` int(11) NOT NULL,
  `model` varchar(100) NOT NULL,
  `name` varchar(100) NOT NULL,
  `alias` varchar(100) NOT NULL COMMENT 'measure name renamed in KI',
  `expression` varchar(200) NOT NULL DEFAULT '',
  `data_type` varchar(50) NOT NULL DEFAULT '',
  `dim_column` varchar(200) NOT NULL DEFAULT '',
  `extend` varchar(3000) NOT NULL DEFAULT '',
  `visible_flag` tinyint(1) NOT NULL DEFAULT '1',
  `translation` varchar(500) DEFAULT NULL,
  `format` varchar(50) DEFAULT NULL,
  `subfolder` varchar(100) DEFAULT NULL,
  PRIMARY KEY (`id`) USING BTREE
) ENGINE=InnoDB AUTO_INCREMENT=3051 DEFAULT CHARSET=utf8 COMMENT='measure alias info';
/*!40101 SET character_set_client = @saved_cs_client */;

--
-- Dumping data for table `named_measure`
--

LOCK TABLES `named_measure` WRITE;
/*!40000 ALTER TABLE `named_measure` DISABLE KEYS */;
INSERT INTO `named_measure` (`id`, `dataset_id`, `model`, `name`, `alias`, `expression`, `data_type`, `dim_column`, `extend`, `visible_flag`, `translation`, `format`, `subfolder`) VALUES (8,4,'snowflake_inner_hierarcy_cube','_COUNT_','个数','COUNT','bigint','constant','{\"visible\":[{\"name\":\"ADMIN\",\"type\":\"user\"}]}',1,NULL,NULL,NULL),(9,4,'snowflake_inner_hierarcy_cube','GMV_销售额','GMV_销售额','SUM','decimal(19,4)','KYLIN_SALES.PRICE','',1,NULL,NULL,NULL),(10,4,'snowflake_inner_hierarcy_cube','销售数量总计','销售数量总计','SUM','bigint','KYLIN_SALES.ITEM_COUNT','{\"visible\":[{\"name\":\"ADMIN\",\"type\":\"user\"}]}',1,NULL,NULL,NULL),(11,5,'snowflake_inner_hierarcy_cube','_COUNT_','个数(count)','COUNT','bigint','constant','',1,NULL,NULL,NULL),(12,5,'snowflake_inner_hierarcy_cube','GMV_销售额','GMV_销售额','SUM','decimal(19,4)','KYLIN_SALES.PRICE','',1,NULL,NULL,NULL),(13,5,'snowflake_inner_hierarcy_cube','销售数量总计','saless amount','SUM','bigint','KYLIN_SALES.ITEM_COUNT','',1,NULL,NULL,NULL),(994,1454,'EJ_Cube1','MILES','MILES','SUM','bigint','PAF_FACT_LEG.MILES','',1,NULL,NULL,NULL),(995,1454,'EJ_Cube1','PAF_FACT_FACT_LEG_COUNT','PAF_FACT_FACT_LEG_COUNT','COUNT','bigint','constant','',1,NULL,NULL,NULL),(996,1454,'EJ_Cube1','STAGES','STAGES','SUM','bigint','PAF_FACT_LEG.STAGE','',1,NULL,NULL,NULL),(997,1454,'EJ_Cube2','FACT_INFLIGHT_SALES','FACT_INFLIGHT_SALES','SUM','double','PAF_FACT_TRIP.FACTINFLIGHTSALES','',1,NULL,NULL,NULL),(998,1454,'EJ_Cube2','PAF_FACT_TRIP_COUNT','PAF_FACT_TRIP_COUNT','COUNT','bigint','constant','',1,NULL,NULL,NULL),(999,1454,'EJ_Cube3','FACT_INFLIGHT_SALES','FACT_INFLIGHT_SALES_1','SUM','double','PAF_FACT_TRIP.FACTINFLIGHTSALES','',1,NULL,NULL,NULL),(1000,1454,'EJ_Cube3','PAF_FACT_TRIP_COUNT','PAF_FACT_TRIP_COUNT_1','COUNT','bigint','constant','',1,NULL,NULL,NULL),(1001,1454,'EJ_Cube4','FACT_PAID','FACT_PAID','SUM','double','PAF_FACT_BOOKING.FACTPAID','',1,NULL,NULL,NULL),(1002,1454,'EJ_Cube4','PAF_FACT_BOOKING','PAF_FACT_BOOKING','COUNT','bigint','constant','',1,NULL,NULL,NULL),(1003,1454,'EJ_Cube5','FACT_PAID','FACT_PAID_1','SUM','double','PAF_FACT_BOOKING.FACTPAID','',1,NULL,NULL,NULL),(1004,1454,'EJ_Cube5','PAF_FACT_BOOKING_COUNT','PAF_FACT_BOOKING_COUNT','COUNT','bigint','constant','',1,NULL,NULL,NULL),(1005,1454,'EJ_Cube6','FACT_PAID','FACT_PAID_2','SUM','double','PAF_FACT_BOOKING.FACTPAID','',1,NULL,NULL,NULL),(1006,1454,'EJ_Cube6','PAF_FACT_BOOKING','PAF_FACT_BOOKING_1','COUNT','bigint','constant','',1,NULL,NULL,NULL),(1007,1455,'EJ_Cube1','MILES','MILES','SUM','bigint','PAF_FACT_LEG.MILES','',1,NULL,NULL,NULL),(1008,1455,'EJ_Cube1','PAF_FACT_FACT_LEG_COUNT','PAF_FACT_FACT_LEG_COUNT','COUNT','bigint','constant','',1,NULL,NULL,NULL),(1009,1455,'EJ_Cube1','STAGES','STAGES','SUM','bigint','PAF_FACT_LEG.STAGE','',1,NULL,NULL,NULL);
/*!40000 ALTER TABLE `named_measure` ENABLE KEYS */;
UNLOCK TABLES;

--
-- Table structure for table `named_set`
--

DROP TABLE IF EXISTS `named_set`;
/*!40101 SET @saved_cs_client     = @@character_set_client */;
/*!40101 SET character_set_client = utf8 */;
CREATE TABLE `named_set` (
  `id` int(11) NOT NULL AUTO_INCREMENT,
  `dataset_id` int(11) NOT NULL,
  `name` varchar(100) NOT NULL,
  `expression` varchar(3000) NOT NULL,
  `folder` varchar(200) NOT NULL DEFAULT '' COMMENT 'the folder which named set belongs to',
  `extend` varchar(3000) NOT NULL DEFAULT '',
  `location` varchar(200) NOT NULL DEFAULT '',
  `visible_flag` tinyint(1) NOT NULL DEFAULT '1',
  `translation` varchar(500) DEFAULT NULL,
  PRIMARY KEY (`id`) USING BTREE,
  UNIQUE KEY `unique_pk` (`dataset_id`,`name`) USING BTREE,
  KEY `dataset_id_key` (`dataset_id`) USING BTREE
) ENGINE=InnoDB AUTO_INCREMENT=175 DEFAULT CHARSET=utf8 COMMENT='named set info';
/*!40101 SET character_set_client = @saved_cs_client */;

--
-- Dumping data for table `named_set`
--

LOCK TABLES `named_set` WRITE;
/*!40000 ALTER TABLE `named_set` DISABLE KEYS */;
INSERT INTO `named_set` (`id`, `dataset_id`, `name`, `expression`, `folder`, `extend`, `location`, `visible_flag`, `translation`) VALUES (3,4,'Top CA Cities','TopCount([CA Cities], 2, [Measures].[Unit Sales])','named-set','{\"visible\":[{\"name\":\"admin\",\"type\":\"user\"}]}','',1,NULL);
/*!40000 ALTER TABLE `named_set` ENABLE KEYS */;
UNLOCK TABLES;

--
-- Table structure for table `role_info`
--

DROP TABLE IF EXISTS `role_info`;
/*!40101 SET @saved_cs_client     = @@character_set_client */;
/*!40101 SET character_set_client = utf8 */;
CREATE TABLE `role_info` (
  `id` int(11) NOT NULL AUTO_INCREMENT,
  `name` varchar(100) NOT NULL,
  `extend` varchar(10000) NOT NULL DEFAULT '',
  `description` varchar(500) NOT NULL DEFAULT '',
  `create_time` bigint(20) NOT NULL DEFAULT '0',
  `modify_time` bigint(20) NOT NULL DEFAULT '0',
  PRIMARY KEY (`id`) USING BTREE,
  KEY `rolename_key` (`name`) USING BTREE
) ENGINE=InnoDB AUTO_INCREMENT=16 DEFAULT CHARSET=utf8 COMMENT='role information';
/*!40101 SET character_set_client = @saved_cs_client */;

--
-- Dumping data for table `role_info`
--

LOCK TABLES `role_info` WRITE;
/*!40000 ALTER TABLE `role_info` DISABLE KEYS */;
INSERT INTO `role_info` (`id`, `name`, `extend`, `description`, `create_time`, `modify_time`) VALUES (1,'ADMIN','','ADMIN',0,0),(15,'admin_10','','test',1572950666,1572950666);
/*!40000 ALTER TABLE `role_info` ENABLE KEYS */;
UNLOCK TABLES;

--
-- Table structure for table `sql_query`
--

DROP TABLE IF EXISTS `sql_query`;
/*!40101 SET @saved_cs_client     = @@character_set_client */;
/*!40101 SET character_set_client = utf8 */;
CREATE TABLE `sql_query` (
  `id` int(11) NOT NULL AUTO_INCREMENT,
  `mdx_query_id` char(36) NOT NULL,
  `sql_text` text NOT NULL,
  `sql_execution_time` bigint(20) DEFAULT NULL,
  `sql_cache_used` tinyint(1) NOT NULL DEFAULT '0',
  `reserved_field_1` varchar(2000) DEFAULT NULL,
  `reserved_field_2` varchar(2000) DEFAULT NULL,
  `reserved_field_3` varchar(5000) DEFAULT NULL,
  `reserved_field_4` varchar(5000) DEFAULT NULL,
  `reserved_field_5` text,
  `exec_status` tinyint(1) NOT NULL DEFAULT '1',
  `ke_query_id` varchar(100) DEFAULT NULL,
  PRIMARY KEY (`id`),
  KEY `mdx_query_id_key` (`mdx_query_id`),
  CONSTRAINT `sql_mdx_query_id` FOREIGN KEY (`mdx_query_id`) REFERENCES `mdx_query` (`mdx_query_id`) ON DELETE CASCADE
) ENGINE=InnoDB DEFAULT CHARSET=utf8 COMMENT='SQL QUERY table';
/*!40101 SET character_set_client = @saved_cs_client */;

--
-- Dumping data for table `sql_query`
--

LOCK TABLES `sql_query` WRITE;
/*!40000 ALTER TABLE `sql_query` DISABLE KEYS */;
/*!40000 ALTER TABLE `sql_query` ENABLE KEYS */;
UNLOCK TABLES;

--
-- Table structure for table `user_info`
--

DROP TABLE IF EXISTS `user_info`;
/*!40101 SET @saved_cs_client     = @@character_set_client */;
/*!40101 SET character_set_client = utf8 */;
CREATE TABLE `user_info` (
  `id` int(11) NOT NULL AUTO_INCREMENT,
  `username` varchar(100) NOT NULL,
  `password` varchar(256) NOT NULL,
  `active` int(11) NOT NULL,
  `license_auth` int(11) NOT NULL,
  `login_count` int(11) NOT NULL DEFAULT '0',
  `last_login` bigint(20) NOT NULL DEFAULT '0',
  `create_time` bigint(20) NOT NULL DEFAULT '0',
  `conf_usr` int(11) DEFAULT NULL,
  PRIMARY KEY (`id`) USING BTREE,
  KEY `username_key` (`username`) USING BTREE
) ENGINE=InnoDB AUTO_INCREMENT=886 DEFAULT CHARSET=utf8 COMMENT='user information';
/*!40101 SET character_set_client = @saved_cs_client */;

--
-- Dumping data for table `user_info`
--

LOCK TABLES `user_info` WRITE;
/*!40000 ALTER TABLE `user_info` DISABLE KEYS */;
INSERT INTO `user_info` (`id`, `username`, `password`, `active`, `license_auth`, `login_count`, `last_login`, `create_time`, `conf_usr`) VALUES (1,'ADMIN','d4341cc91fed0bed9f6aae7c09bda0d4',1,1,11,1600160691,0,1),(3,'ANALYST','ff0554ec56a2143770ba391a8804f513',1,1,0,1600160568,1600160568,NULL),(10,'MODELER','6e980a5f0a5c328c97d3ce2121710a47',1,1,0,1600160568,1600160568,NULL),(15,'ZHOUHHHHHHZHOUHHHHHHZHOUHHHHHH518','54f9f928d8e7483f819833ca8c6f94aa',1,1,0,1600160671,1600160671,NULL),(16,'ZHOUHHHHHHZHOUHHHHHHZHOUHHHHHH519','8ad766f1e20d8e22d10e10da4eef12e9',1,1,0,1600160671,1600160671,NULL),(17,'ZHOUHHHHHHZHOUHHHHHHZHOUHHHHHH761','09504818e01fadfca9a6ecbb22ea96aa',1,1,0,1600160671,1600160671,NULL),(18,'ZHOUHHHHHHZHOUHHHHHHZHOUHHHHHH520','58cb833f4f05a8143a393785faca134e',1,1,0,1600160671,1600160671,NULL),(19,'ZHOUHHHHHHZHOUHHHHHHZHOUHHHHHH762','aab226a36a90e003e41ff0b27d56b979',1,1,0,1600160671,1600160671,NULL),(20,'ZHOUHHHHHHZHOUHHHHHHZHOUHHHHHH760','d8f9e27b6df585ba228124411dc24555',1,1,0,1600160671,1600160671,NULL),(21,'ZHOUHHHHHHZHOUHHHHHHZHOUHHHHHH523','764a9267de48bd1d92b6e0125c4b1ede',1,1,0,1600160671,1600160671,NULL),(22,'ZHOUHHHHHHZHOUHHHHHHZHOUHHHHHH765','dbfda4c88f8ef4bf150205afd9c657f0',1,1,0,1600160671,1600160671,NULL),(23,'ZHOUHHHHHHZHOUHHHHHHZHOUHHHHHH524','d56e364487d4d735099ab850c94e4391',1,1,0,1600160671,1600160671,NULL),(24,'ZHOUHHHHHHZHOUHHHHHHZHOUHHHHHH766','6012e44344754402b2343c41a2afc201',1,1,0,1600160671,1600160671,NULL),(25,'ZHOUHHHHHHZHOUHHHHHHZHOUHHHHHH521','4a5a86b5c89b94bcc2cbc1d833990441',1,1,0,1600160671,1600160671,NULL),(26,'ZHOUHHHHHHZHOUHHHHHHZHOUHHHHHH763','f466554d0807c61d6dc5faef6c3a0685',1,1,0,1600160671,1600160671,NULL),(27,'ZHOUHHHHHHZHOUHHHHHHZHOUHHHHHH522','856cdbc334a8f0875cdd60e06415a47a',1,1,0,1600160671,1600160671,NULL),(28,'ZHOUHHHHHHZHOUHHHHHHZHOUHHHHHH764','abd896e41e1f21bfbf8261257306f360',1,1,0,1600160671,1600160671,NULL),(29,'ZHOUHHHHHHZHOUHHHHHHZHOUHHHHHH527','4cf8554de381cd1df491bd3a940e3286',1,1,0,1600160671,1600160671,NULL),(30,'ZHOUHHHHHHZHOUHHHHHHZHOUHHHHHH769','2b77aedd9d298b5b6df40fe0157196a6',1,1,0,1600160671,1600160671,NULL),(31,'ZHOUHHHHHHZHOUHHHHHHZHOUHHHHHH528','7faae55fa1ee2ece7deefc5f7e903735',1,1,0,1600160671,1600160671,NULL),(32,'ZHOUHHHHHHZHOUHHHHHHZHOUHHHHHH525','886dd79ff6d78c31f674f0c78a2b20d3',1,1,0,1600160671,1600160671,NULL),(33,'ZHOUHHHHHHZHOUHHHHHHZHOUHHHHHH767','d863c6f4866311cbc40e5970620bfae4',1,1,0,1600160671,1600160671,NULL),(34,'ZHOUHHHHHHZHOUHHHHHHZHOUHHHHHH526','e313f519f82ce5369ac2187260c48508',1,1,0,1600160671,1600160671,NULL),(35,'ZHOUHHHHHHZHOUHHHHHHZHOUHHHHHH768','1e11bd14408e90c1c93dbe13f561c8e0',1,1,0,1600160671,1600160671,NULL),(36,'ZHOUHHHHHHZHOUHHHHHHZHOUHHHHHH509','45c0db6afa6f53d50a980301d81cae7b',1,1,0,1600160671,1600160671,NULL),(37,'ZHOUHHHHHHZHOUHHHHHHZHOUHHHHHH507','4763ae75e1f45b6a0e982c20f7a84e7e',1,1,0,1600160671,1600160671,NULL),(38,'ZHOUHHHHHHZHOUHHHHHHZHOUHHHHHH749','9c5f491ba3e71d50d86df11ff05a08a8',1,1,0,1600160671,1600160671,NULL),(39,'ZHOUHHHHHHZHOUHHHHHHZHOUHHHHHH508','044bcdd510b35419699a20ad143cb828',1,1,0,1600160671,1600160671,NULL),(40,'LWZ','b55d66c702ce635534cddedc7f1a7461',1,1,0,1600160671,1600160671,NULL),(41,'2','d21204a4aab9cf76f537f32850ca286e',1,1,0,1600160671,1600160671,NULL),(42,'3','34f78694688def67f32576b928946a26',1,1,0,1600160671,1600160671,NULL),(43,'ZHOUHHHHHHZHOUHHHHHHZHOUHHHHHH750','5999741877ba5c76d01631d0fd5f7de9',1,1,0,1600160671,1600160671,NULL),(44,'ZHOUHHHHHHZHOUHHHHHHZHOUHHHHHH751','ed3494739593274ac267a28aaa3e0d7f',1,1,0,1600160671,1600160671,NULL),(45,'ZHOUHHHHHHZHOUHHHHHHZHOUHHHHHH512','0126b97076f603c097f23f0c221cd928',1,1,0,1600160671,1600160671,NULL),(46,'ZHOUHHHHHHZHOUHHHHHHZHOUHHHHHH754','a6772ff15a44ae7da388d273325da991',1,1,0,1600160671,1600160671,NULL),(47,'ZHOUHHHHHHZHOUHHHHHHZHOUHHHHHH513','dd3c33dcf41101324fa47c670d302de6',1,1,0,1600160671,1600160671,NULL),(48,'ZHOUHHHHHHZHOUHHHHHHZHOUHHHHHH755','9d5cfec612ff4948a89201c58ef21c96',1,1,0,1600160671,1600160671,NULL),(49,'ZHOUHHHHHHZHOUHHHHHHZHOUHHHHHH510','6a85adcebd4111cfd58f5b0e3765bee3',1,1,0,1600160671,1600160671,NULL),(50,'ZHOUHHHHHHZHOUHHHHHHZHOUHHHHHH752','b601a998398f41a1418ee1e52272a27c',1,1,0,1600160671,1600160671,NULL),(51,'ZHOUHHHHHHZHOUHHHHHHZHOUHHHHHH511','c1d5824c9cf21ba880172544d33952d4',1,1,0,1600160671,1600160671,NULL),(52,'ZHOUHHHHHHZHOUHHHHHHZHOUHHHHHH753','b2cccd64bc61d2abd64ea227f8737b4b',1,1,0,1600160671,1600160671,NULL),(53,'ZHOUHHHHHHZHOUHHHHHHZHOUHHHHHH516','4ffb01e6490068f49d8f573e06cc76cc',1,1,0,1600160671,1600160671,NULL),(54,'ZHOUHHHHHHZHOUHHHHHHZHOUHHHHHH758','73fe9e84075e01631dfae0de8ba60cc9',1,1,0,1600160671,1600160671,NULL),(55,'ZHOUHHHHHHZHOUHHHHHHZHOUHHHHHH517','622fe087b817faff8d64862297e9c5e4',1,1,0,1600160671,1600160671,NULL),(56,'ZHOUHHHHHHZHOUHHHHHHZHOUHHHHHH759','e8c6ee97421d799c228d512b001f4dc0',1,1,0,1600160671,1600160671,NULL),(57,'ZHOUHHHHHHZHOUHHHHHHZHOUHHHHHH514','1f26eefb9f82147b8d939eccc288faf2',1,1,0,1600160671,1600160671,NULL),(58,'ZHOUHHHHHHZHOUHHHHHHZHOUHHHHHH756','263f36dee5070fca08de612c79780876',1,1,0,1600160671,1600160671,NULL),(59,'ZHOUHHHHHHZHOUHHHHHHZHOUHHHHHH515','ebe6333031f03966285df54fde59a852',1,1,0,1600160671,1600160671,NULL),(60,'ZHOUHHHHHHZHOUHHHHHHZHOUHHHHHH757','3485f3d1e9da98d7b75de40f9e1bd176',1,1,0,1600160671,1600160671,NULL),(61,'ZHOUHHHHHHZHOUHHHHHHZHOUHHHHHH738','2ab67b9beb9d497c372fa4f964696685',1,1,0,1600160671,1600160671,NULL),(62,'ZHOUHHHHHHZHOUHHHHHHZHOUHHHHHH739','7a55a2655beced92624c90cfaf40a96d',1,1,0,1600160671,1600160671,NULL),(63,'CCD_BEIJING','92957ea02c87db5ee2efe64ec920934a',1,1,0,1600160671,1600160671,NULL),(64,'ZHOU001','cb21dfbbb532d4bb03cfcf7b45b5571b',1,1,0,1600160671,1600160671,NULL),(65,'ZHOUHHHHHHZHOUHHHHHHZHOUHHHHHH740','332b95ba11a2b640113342a152980ec9',1,1,0,1600160671,1600160671,NULL),(66,'ZHOUHHHHHHZHOUHHHHHHZHOUHHHHHH501','71a400f8e5085f6ab681fcc75ee85924',1,1,0,1600160671,1600160671,NULL),(67,'ZHOUHHHHHHZHOUHHHHHHZHOUHHHHHH743','ba13a25aa3877267bd85e7c457b02917',1,1,0,1600160671,1600160671,NULL),(68,'ZHOUHHHHHHZHOUHHHHHHZHOUHHHHHH502','3d20cb4f739a3e5caa9eb32d42ffa152',1,1,0,1600160671,1600160671,NULL),(69,'ZHOUHHHHHHZHOUHHHHHHZHOUHHHHHH744','9d54919a1787a00748c1e50dbd18018d',1,1,0,1600160671,1600160671,NULL),(70,'ZHOUHHHHHHZHOUHHHHHHZHOUHHHHHH741','f52c9edc7209d6c3d3a8e73040ebd8fb',1,1,0,1600160671,1600160671,NULL),(71,'ZHOUHHHHHHZHOUHHHHHHZHOUHHHHHH500','af3e488f65266fadc75dd8b0ddaa665d',1,1,0,1600160671,1600160671,NULL),(72,'ZHOUHHHHHHZHOUHHHHHHZHOUHHHHHH742','8738ac67e03fef2b078afa5bb3300336',1,1,0,1600160671,1600160671,NULL),(73,'ZHOUHHHHHHZHOUHHHHHHZHOUHHHHHH505','59aefd2599bc5abcfa947168dd0d19f6',1,1,0,1600160671,1600160671,NULL),(74,'ZHOUHHHHHHZHOUHHHHHHZHOUHHHHHH747','057879c800e9287709b1cad8691dbb48',1,1,0,1600160671,1600160671,NULL),(75,'ZHOUHHHHHHZHOUHHHHHHZHOUHHHHHH506','139402d938c150e42565d6c7c6922047',1,1,0,1600160671,1600160671,NULL),(76,'ZHOUHHHHHHZHOUHHHHHHZHOUHHHHHH748','961be238bbb2851957ced7efe106a1d3',1,1,0,1600160671,1600160671,NULL),(77,'ZHOUHHHHHHZHOUHHHHHHZHOUHHHHHH503','40f6f50a9145ef1b97302f78ede3b248',1,1,0,1600160671,1600160671,NULL),(78,'ZHOUHHHHHHZHOUHHHHHHZHOUHHHHHH745','48f166b0f5bfa2ce2c1b3465f6f61018',1,1,0,1600160671,1600160671,NULL),(79,'ZHOUHHHHHHZHOUHHHHHHZHOUHHHHHH504','094cc320b1d48c3826fccc0cf14a7036',1,1,0,1600160671,1600160671,NULL),(80,'ZHOUHHHHHHZHOUHHHHHHZHOUHHHHHH746','6d72dd41721f07f16ca29808fb21eafb',1,1,0,1600160671,1600160671,NULL),(81,'ZHOUHHHHHHZHOUHHHHHHZHOUHHHHHH729','08a49b2d8d46f18bea00bad33cd60ceb',1,1,0,1600160671,1600160671,NULL),(82,'ZHOUHHHHHHZHOUHHHHHHZHOUHHHHHH727','6db40cb9ed4c2132aec428791dad37ea',1,1,0,1600160671,1600160671,NULL),(83,'ZHOUHHHHHHZHOUHHHHHHZHOUHHHHHH728','121bd9411db161b96ed1c9e472bcfb4d',1,1,0,1600160671,1600160671,NULL),(84,'ZHOUHHHHHHZHOUHHHHHHZHOUHHHHHH732','eebb46c2d39b78860fb10b1395afbd7b',1,1,0,1600160671,1600160671,NULL),(85,'ZHOUHHHHHHZHOUHHHHHHZHOUHHHHHH733','04606122102e48569c023f466675d83e',1,1,0,1600160671,1600160671,NULL),(86,'ZHOUHHHHHHZHOUHHHHHHZHOUHHHHHH730','848990d7499441d19fe6a7179278e6a3',1,1,0,1600160671,1600160671,NULL),(87,'ZHOUHHHHHHZHOUHHHHHHZHOUHHHHHH731','69b960f419088fb73c9c3afceed4b558',1,1,0,1600160671,1600160671,NULL),(88,'ZHOUHHHHHHZHOUHHHHHHZHOUHHHHHH736','f366e8b1f62327cd857e6dc00419ecb6',1,1,0,1600160671,1600160671,NULL),(89,'ZHOUHHHHHHZHOUHHHHHHZHOUHHHHHH737','34f0e946e51cb3cb9b578ce661f0b9f6',1,1,0,1600160671,1600160671,NULL),(90,'ZHOUHHHHHHZHOUHHHHHHZHOUHHHHHH734','47540fd39b20ecd17b117ed245c260ec',1,1,0,1600160671,1600160671,NULL),(91,'ZHOUHHHHHHZHOUHHHHHHZHOUHHHHHH735','97560c30a397e2800ffd596d5f3279c7',1,1,0,1600160671,1600160671,NULL),(92,'ZHOUHHHHHHZHOUHHHHHHZHOUHHHHHH718','a60925e1ae438c8502c7fffa15cce508',1,1,0,1600160671,1600160671,NULL),(93,'ZHOUHHHHHHZHOUHHHHHHZHOUHHHHHH719','314c18e727a41665bea8f005abb196ff',1,1,0,1600160671,1600160671,NULL),(94,'ZHOUHHHHHHZHOUHHHHHHZHOUHHHHHH716','cea6fe312fac399d612fc08b5dcde596',1,1,0,1600160671,1600160671,NULL),(95,'ZHOUHHHHHHZHOUHHHHHHZHOUHHHHHH717','09d2f49a6fb751c9ecbfc58b4a5a1e22',1,1,0,1600160671,1600160671,NULL),(96,'ZHOUHHHHHHZHOUHHHHHHZHOUHHHHHH721','676691578629c9f7365b46fcf6c98577',1,1,0,1600160671,1600160671,NULL),(97,'ZHOUHHHHHHZHOUHHHHHHZHOUHHHHHH722','605a493148e1f49a2b8543b0791dacdb',1,1,0,1600160671,1600160671,NULL),(98,'ZHOUHHHHHHZHOUHHHHHHZHOUHHHHHH720','543ad3f2719ecc50fa195b907c557522',1,1,0,1600160671,1600160671,NULL),(99,'ZHOUHHHHHHZHOUHHHHHHZHOUHHHHHH725','3779a06fce77e432718c7465ead45bbe',1,1,0,1600160671,1600160671,NULL),(100,'ZHOUHHHHHHZHOUHHHHHHZHOUHHHHHH726','bdbba8b794f1bde363703a1408819f51',1,1,0,1600160671,1600160671,NULL),(101,'ZHOUHHHHHHZHOUHHHHHHZHOUHHHHHH723','e9f58867b4dc89af36414f5838974864',1,1,0,1600160671,1600160671,NULL),(102,'ZHOUHHHHHHZHOUHHHHHHZHOUHHHHHH724','0faecd4a4ea135b02cec62e06b5121b9',1,1,0,1600160671,1600160671,NULL),(103,'ZHOUHHHHHHZHOUHHHHHHZHOUHHHHHH707','2cba6eb49dbc001206ea336f8aa63a63',1,1,0,1600160671,1600160671,NULL),(104,'ZHOUHHHHHHZHOUHHHHHHZHOUHHHHHH708','0bdabff056aca1331e58d45e919ccc54',1,1,0,1600160671,1600160671,NULL),(105,'TEST_U','df17a1cada584848a7e0bab6d1a18ebe',1,1,0,1600160671,1600160671,NULL),(106,'ZHOUHHHHHHZHOUHHHHHHZHOUHHHHHH705','55acac936c73324e6e50d7fc3a249feb',1,1,0,1600160671,1600160671,NULL),(107,'ZHOUHHHHHHZHOUHHHHHHZHOUHHHHHH706','03935d54e61910b73bd370f18f21042d',1,1,0,1600160671,1600160671,NULL),(108,'ZHOUHHHHHHZHOUHHHHHHZHOUHHHHHH709','6b19ca0cef9543d24f9adc39a24c352f',1,1,0,1600160671,1600160671,NULL),(109,'YOUCHENG','71fde9ebdbb18c0039adcf576e37f96b',1,1,0,1600160671,1600160671,NULL),(110,'ZHOUHHHHHHZHOUHHHHHHZHOUHHHHHH710','251735d45288a4215288d2c0af4264e6',1,1,0,1600160671,1600160671,NULL),(111,'ZHOUHHHHHHZHOUHHHHHHZHOUHHHHHH711','fbfc4a0bd0ce793656ff79565832f43b',1,1,0,1600160671,1600160671,NULL),(112,'ZHOUHHHHHHZHOUHHHHHHZHOUHHHHHH714','843d7449bc241a6f83793a0a01e5eacb',1,1,0,1600160671,1600160671,NULL),(113,'ZHOUHHHHHHZHOUHHHHHHZHOUHHHHHH715','305841df15e43ca14d3079a8b6b23446',1,1,0,1600160671,1600160671,NULL),(114,'ZHOUHHHHHHZHOUHHHHHHZHOUHHHHHH712','c7083323ebd73900bafcb2c8204401f9',1,1,0,1600160671,1600160671,NULL),(115,'ZHOUHHHHHHZHOUHHHHHHZHOUHHHHHH713','a7b0368f7e08cb52ed69467083514277',1,1,0,1600160671,1600160671,NULL),(116,'ZHOUHHHHHHZHOUHHHHHHZHOUHHHHHH700','6f46a166cc7414bf43d7e5c12725c40e',1,1,0,1600160671,1600160671,NULL),(117,'ZHOUHHHHHHZHOUHHHHHHZHOUHHHHHH703','7cf6158b1d84c90c7bba43568c124144',1,1,0,1600160671,1600160671,NULL),(118,'ZHOUHHHHHHZHOUHHHHHHZHOUHHHHHH704','4bd7ea40fd07ed294695bf4c153b0bde',1,1,0,1600160671,1600160671,NULL),(119,'ZHOUHHHHHHZHOUHHHHHHZHOUHHHHHH701','b13caae3b76780a56bfd2c4ae99abef9',1,1,0,1600160671,1600160671,NULL),(120,'ZHOUHHHHHHZHOUHHHHHHZHOUHHHHHH702','b909e19d9ceebb79961779395d8f0ea9',1,1,0,1600160671,1600160671,NULL),(121,'VIEWER','dcc0985a8c9a3db77137dec144430287',1,1,0,1600160671,1600160671,NULL),(122,'PROJECT_ADMIN','72c855d106574c7f8a9b893eaddfb168',1,1,0,1600160671,1600160671,NULL),(123,'BOBO','c9ffd2f1d6b4c3c8157e7beaeec167e6',1,1,0,1600160671,1600160671,NULL),(124,'KYLIGENCE','5c0ac6d00e9dd0bb658ddc9cefcd5f80',1,1,0,1600160671,1600160671,NULL),(125,'QUERY_USER_1','89016a798c5ae73a2ef41f587f31e2f8',1,1,0,1600160671,1600160671,NULL),(126,'LIANG1','cba01fbe1cf90de8369baae993a79d28',1,1,0,1600160671,1600160671,NULL),(127,'PROJECT_OPERATION','ac3f189370df363dc0aa3d90f0f848c5',1,1,0,1600160671,1600160671,NULL),(128,'SIJIE_TEST','19f05992377353f6daf58eb64567fdf5',1,1,0,1600160671,1600160671,NULL),(129,'YYY2000','d30c133f2b0dc037f354ba7779abd221',1,1,0,1600160671,1600160671,NULL),(130,'TOP2','0e4d0f0533cd1bf5919e9bfe99707b19',1,1,0,1600160671,1600160671,NULL),(131,'TOP1','fad6454c8fdfe35bf1c2d6e507f6cd0b',1,1,0,1600160671,1600160671,NULL),(132,'ZHOU','aa83cc3f1ab8e42ded1990aad50fce4c',1,1,0,1600160671,1600160671,NULL),(133,'XIAOMING','cee2c1410e28fc68f0e35e01b00becc8',1,1,0,1600160671,1600160671,NULL),(134,'BJ_4','0d4558b467b409ad3f32e1161a96a399',1,1,0,1600160671,1600160671,NULL),(135,'BJ_3','d21ae6138ca13becc24438e8846318d6',1,1,0,1600160671,1600160671,NULL),(136,'BJ_2','4712ba74945e783c61cbe36a11f3bc77',1,1,0,1600160671,1600160671,NULL),(137,'BJ_1','cf9d971972177bf0b13ae6b73fd7cf93',1,1,0,1600160671,1600160671,NULL),(138,'PROJECT_MANAGEMENT','c0f0326b79bf17fa5c331ee83c64e686',1,1,0,1600160671,1600160671,NULL),(139,'ZHOUHHHHHHZHOUHHHHHHZHOUHHHHHH191','ed51da6348f04f8d4979ded83579ad83',1,1,0,1600160671,1600160671,NULL),(140,'ZHOUHHHHHHZHOUHHHHHHZHOUHHHHHH193','0da96413a21c59749aa0becdf0eab736',1,1,0,1600160671,1600160671,NULL),(141,'ZHOUHHHHHHZHOUHHHHHHZHOUHHHHHH192','120667d17c5e2952da5a4a29c65813a0',1,1,0,1600160671,1600160671,NULL),(142,'ZHOUHHHHHHZHOUHHHHHHZHOUHHHHHH195','90313994262549357e35988db3e2efb6',1,1,0,1600160671,1600160671,NULL),(143,'ZHOUHHHHHHZHOUHHHHHHZHOUHHHHHH194','475ad2e257c508290d36ba4f0f1c5b62',1,1,0,1600160671,1600160671,NULL),(144,'ZHOUHHHHHHZHOUHHHHHHZHOUHHHHHH197','ffa2d36f3793a822964d83c20de28950',1,1,0,1600160671,1600160671,NULL),(145,'ZHOUHHHHHHZHOUHHHHHHZHOUHHHHHH196','77627c2c2368fe53b2bf5e5e38f3ca3e',1,1,0,1600160671,1600160671,NULL),(146,'ZHOUHHHHHHZHOUHHHHHHZHOUHHHHHH199','399aed71f21d1deaa6c8e4544558cca8',1,1,0,1600160671,1600160671,NULL),(147,'ZHOUHHHHHHZHOUHHHHHHZHOUHHHHHH198','62fe444dfc4bb58a24445877413d21e5',1,1,0,1600160671,1600160671,NULL),(148,'ZHOUHHHHHHZHOUHHHHHHZHOUHHHHHH180','7a094f9a90941de8898f0d762dd87668',1,1,0,1600160671,1600160671,NULL),(149,'ZHOUHHHHHHZHOUHHHHHHZHOUHHHHHH182','2f81e5c5608e6609cb73495dd72e5963',1,1,0,1600160671,1600160671,NULL),(150,'ZHOUHHHHHHZHOUHHHHHHZHOUHHHHHH181','53e977fbae3c613213ab14ecee31b27a',1,1,0,1600160671,1600160671,NULL),(151,'ZHOUHHHHHHZHOUHHHHHHZHOUHHHHHH184','96df9f2a15f07aa7ae7c336f4360d8f5',1,1,0,1600160671,1600160671,NULL),(152,'ZHOUHHHHHHZHOUHHHHHHZHOUHHHHHH183','99e4cc8e6802b32c2a9d140c2a338e98',1,1,0,1600160671,1600160671,NULL),(153,'ZHOUHHHHHHZHOUHHHHHHZHOUHHHHHH186','93438d4a19eef2643e2ae32f0524364a',1,1,0,1600160671,1600160671,NULL),(154,'Y300','ec0240f548410eb034106c0e7ae09a72',1,1,0,1600160671,1600160671,NULL),(155,'ZHOUHHHHHHZHOUHHHHHHZHOUHHHHHH185','d76b64ffff5fac2bb37627ae719e7b9e',1,1,0,1600160671,1600160671,NULL),(156,'ZHOUHHHHHHZHOUHHHHHHZHOUHHHHHH0','23bf7f117c35a9940eb4eec1d915d30c',1,1,0,1600160671,1600160671,NULL),(157,'ZHOUHHHHHHZHOUHHHHHHZHOUHHHHHH188','f1d7621cfc010714dca163afe8576597',1,1,0,1600160671,1600160671,NULL),(158,'ZHOUHHHHHHZHOUHHHHHHZHOUHHHHHH1','24019d5debeae22173aab0b6648652ba',1,1,0,1600160671,1600160671,NULL),(159,'ZHOUHHHHHHZHOUHHHHHHZHOUHHHHHH187','68687c26b11153671dbe64a23d764fad',1,1,0,1600160671,1600160671,NULL),(160,'ZHOUHHHHHHZHOUHHHHHHZHOUHHHHHH2','c330b5e919619bd1567363ab5e609b60',1,1,0,1600160671,1600160671,NULL),(161,'ZHOUHHHHHHZHOUHHHHHHZHOUHHHHHH189','7bbe132dae5c8c15ca2ee989ca608396',1,1,0,1600160671,1600160671,NULL),(162,'ZHOUHHHHHHZHOUHHHHHHZHOUHHHHHH3','2ebeaaed2da6c5d3a330c27be96e5eee',1,1,0,1600160671,1600160671,NULL),(163,'ZHOUHHHHHHZHOUHHHHHHZHOUHHHHHH4','5fe25aa3f36fbcd45a8820c5701318e1',1,1,0,1600160671,1600160671,NULL),(164,'ZHOUHHHHHHZHOUHHHHHHZHOUHHHHHH5','c7ed973ba9dd0651d23dbdab213bdd01',1,1,0,1600160671,1600160671,NULL),(165,'ZHOUHHHHHHZHOUHHHHHHZHOUHHHHHH6','2a81c37774976829ed6d5ab690469fd3',1,1,0,1600160671,1600160671,NULL),(166,'ZHOUHHHHHHZHOUHHHHHHZHOUHHHHHH7','73d7eec61a92fce1a9962ce5b55f3a39',1,1,0,1600160671,1600160671,NULL),(167,'ZHOUHHHHHHZHOUHHHHHHZHOUHHHHHH8','5a50cb569697a42e3710844ce105ec69',1,1,0,1600160671,1600160671,NULL),(168,'ZHOUHHHHHHZHOUHHHHHHZHOUHHHHHH9','6b15747c7ce9b9135aa9955746673fd1',1,1,0,1600160671,1600160671,NULL),(169,'ZHOUHHHHHHZHOUHHHHHHZHOUHHHHHH171','b341ee3e6219987627eacf25ded770e5',1,1,0,1600160671,1600160671,NULL),(170,'ZHOUHHHHHHZHOUHHHHHHZHOUHHHHHH170','8a748c4dac2d37b454e436c37fb3e3ad',1,1,0,1600160671,1600160671,NULL),(171,'ZHOUHHHHHHZHOUHHHHHHZHOUHHHHHH173','2764e6f8fb1f822f6fce1c5205a54e3c',1,1,0,1600160671,1600160671,NULL),(172,'ZHOUHHHHHHZHOUHHHHHHZHOUHHHHHH172','060a86bda2f254c2658bb18f93991287',1,1,0,1600160671,1600160671,NULL),(173,'ZHOUHHHHHHZHOUHHHHHHZHOUHHHHHH175','48351ba131e1e766b9a0ee63a614fa40',1,1,0,1600160671,1600160671,NULL),(174,'ZHOUHHHHHHZHOUHHHHHHZHOUHHHHHH174','2350cf04f42de74dbd58b6f855e304ef',1,1,0,1600160671,1600160671,NULL),(175,'ZHOUHHHHHHZHOUHHHHHHZHOUHHHHHH177','fea8eb2010335f13a5688d942d14c389',1,1,0,1600160671,1600160671,NULL),(176,'ZHOUHHHHHHZHOUHHHHHHZHOUHHHHHH176','1115366f5ed93e5126254cdb035f4034',1,1,0,1600160671,1600160671,NULL),(177,'ZHOUHHHHHHZHOUHHHHHHZHOUHHHHHH179','b85106e5e714f87c1eb6131011aab578',1,1,0,1600160671,1600160671,NULL),(178,'ZHOUHHHHHHZHOUHHHHHHZHOUHHHHHH178','3f336a9b9da982f1f5e392c886df9c25',1,1,0,1600160671,1600160671,NULL),(179,'ZHOUHHHHHHZHOUHHHHHHZHOUHHHHHH160','d4b0a5a5f3c01775bd45bb06f7748089',1,1,0,1600160671,1600160671,NULL),(180,'ZHOUHHHHHHZHOUHHHHHHZHOUHHHHHH162','d5e3a2b03450563457ad19b47720996d',1,1,0,1600160671,1600160671,NULL),(181,'ZHOUHHHHHHZHOUHHHHHHZHOUHHHHHH161','378f6ae10e7110e9fa7c08e922eb9784',1,1,0,1600160671,1600160671,NULL),(182,'ZHOUHHHHHHZHOUHHHHHHZHOUHHHHHH164','512db9ffb163f3be00bbf7243c480e67',1,1,0,1600160671,1600160671,NULL),(183,'ZHOUHHHHHHZHOUHHHHHHZHOUHHHHHH163','5a75a5e47c3ba3f1125b41dd161c5994',1,1,0,1600160671,1600160671,NULL),(184,'ZHOUHHHHHHZHOUHHHHHHZHOUHHHHHH166','3c69fc389a9dddca3a5d1e12257c2dd7',1,1,0,1600160671,1600160671,NULL),(185,'ZHOUHHHHHHZHOUHHHHHHZHOUHHHHHH165','daf3f31b0964e5b533985a7f08cd73e5',1,1,0,1600160671,1600160671,NULL),(186,'ZHOUHHHHHHZHOUHHHHHHZHOUHHHHHH168','31888d21b319e879e6b5717e64210f00',1,1,0,1600160671,1600160671,NULL),(187,'ZHOUHHHHHHZHOUHHHHHHZHOUHHHHHH167','2885186a90b60d799f6df5c27111017e',1,1,0,1600160671,1600160671,NULL),(188,'ZHOUHHHHHHZHOUHHHHHHZHOUHHHHHH169','730b06713a563c0acc8b93a229ce2f2e',1,1,0,1600160671,1600160671,NULL),(189,'ZHOUHHHHHHZHOUHHHHHHZHOUHHHHHH391','7322c730d2a111b71d5999c9e7d54665',1,1,0,1600160671,1600160671,NULL),(190,'JESSICA','0e9cbd0a1f46ade6b4608abfe0d18298',1,1,0,1600160671,1600160671,NULL),(191,'ZHOUHHHHHHZHOUHHHHHHZHOUHHHHHH390','305ed729abb2de4b0ea425372a75ab68',1,1,0,1600160671,1600160671,NULL),(192,'ZHOUHHHHHHZHOUHHHHHHZHOUHHHHHH151','ba4fbba90365bfcce2b09a0c2281dbc9',1,1,0,1600160671,1600160671,NULL),(193,'ZHOUHHHHHHZHOUHHHHHHZHOUHHHHHH393','02e170c86d6da023fd24223d507602bc',1,1,0,1600160671,1600160671,NULL),(194,'ZHOUHHHHHHZHOUHHHHHHZHOUHHHHHH150','9bc2eab5f9b6c1a000eb522fad2f6d1d',1,1,0,1600160671,1600160671,NULL),(195,'ZHOUHHHHHHZHOUHHHHHHZHOUHHHHHH392','87c2eb1da4bc0dce3a4b77f503daeb9e',1,1,0,1600160671,1600160671,NULL),(196,'ZHOUHHHHHHZHOUHHHHHHZHOUHHHHHH153','114038ebea8e87e641b6999d28509b30',1,1,0,1600160671,1600160671,NULL),(197,'ZHOUHHHHHHZHOUHHHHHHZHOUHHHHHH395','8f85759bfce919c054e286686f63f708',1,1,0,1600160671,1600160671,NULL),(198,'ZHOUHHHHHHZHOUHHHHHHZHOUHHHHHH152','f9ab2744a858c310ff7dfa6699827822',1,1,0,1600160671,1600160671,NULL),(199,'ZHOUHHHHHHZHOUHHHHHHZHOUHHHHHH394','ba34e4b0ce4e830efdc188281a92b36d',1,1,0,1600160671,1600160671,NULL),(200,'ZHOUHHHHHHZHOUHHHHHHZHOUHHHHHH155','8d79a6138d5bcf9140d0a826243dfc83',1,1,0,1600160671,1600160671,NULL),(201,'ZHOUHHHHHHZHOUHHHHHHZHOUHHHHHH397','96f7ed55ad0da0129690b7105c870234',1,1,0,1600160671,1600160671,NULL),(202,'ZHOUHHHHHHZHOUHHHHHHZHOUHHHHHH154','3cc24d355863b1ad976791f74cc4f2f6',1,1,0,1600160671,1600160671,NULL),(203,'ZHOUHHHHHHZHOUHHHHHHZHOUHHHHHH396','721b27bf9e6ef24eb0d4b54d0de94072',1,1,0,1600160671,1600160671,NULL),(204,'ZHOUHHHHHHZHOUHHHHHHZHOUHHHHHH157','226747fcb0bcb3dcfbb23e6390a7cdf0',1,1,0,1600160671,1600160671,NULL),(205,'ZHOUHHHHHHZHOUHHHHHHZHOUHHHHHH399','bf7fde1bb9f95702ca3124a8391f45aa',1,1,0,1600160671,1600160671,NULL),(206,'ZHOUHHHHHHZHOUHHHHHHZHOUHHHHHH156','4363fdd96bab627b6acbd56dc5102611',1,1,0,1600160671,1600160671,NULL),(207,'ZHOUHHHHHHZHOUHHHHHHZHOUHHHHHH398','3d285bd8729b5c1a22e97296572ffb47',1,1,0,1600160671,1600160671,NULL),(208,'ZHOUHHHHHHZHOUHHHHHHZHOUHHHHHH159','690d97806645d1cf6d9f1f6bf95145d0',1,1,0,1600160671,1600160671,NULL),(209,'ZHOUHHHHHHZHOUHHHHHHZHOUHHHHHH158','3ead01d8a7c5cf50f59f4405d300c694',1,1,0,1600160671,1600160671,NULL),(210,'ZHOUHHHHHHZHOUHHHHHHZHOUHHHHHH380','74571770fd33bbedc0b3670ff5643621',1,1,0,1600160671,1600160671,NULL),(211,'ZHOUHHHHHHZHOUHHHHHHZHOUHHHHHH140','4cde572c72ebeb2e3fa9b6c22ac2767e',1,1,0,1600160671,1600160671,NULL),(212,'ZHOUHHHHHHZHOUHHHHHHZHOUHHHHHH382','ba2b49fcb47334d40e89b04c0626e712',1,1,0,1600160671,1600160671,NULL),(213,'Y100','573c654736f4f1d1304075f3317ce930',1,1,0,1600160671,1600160671,NULL),(214,'ZHOUHHHHHHZHOUHHHHHHZHOUHHHHHH381','27569cd006a36db57c9d941eceec23d6',1,1,0,1600160671,1600160671,NULL),(215,'ZHOUHHHHHHZHOUHHHHHHZHOUHHHHHH142','a0ab1283fd7c391fa831e36f67b055c7',1,1,0,1600160671,1600160671,NULL),(216,'ZHOUHHHHHHZHOUHHHHHHZHOUHHHHHH384','c6ccb19a85382f03e47cbb705f83d742',1,1,0,1600160671,1600160671,NULL),(217,'ZHOUHHHHHHZHOUHHHHHHZHOUHHHHHH141','46ab4bbed58ff7a34d500131a3cee0f4',1,1,0,1600160671,1600160671,NULL),(218,'ZHOUHHHHHHZHOUHHHHHHZHOUHHHHHH383','7b3291588d1120da3c41790e1c08ace2',1,1,0,1600160671,1600160671,NULL),(219,'ZHOUHHHHHHZHOUHHHHHHZHOUHHHHHH144','ff009e1b3c926de707aac8041590a054',1,1,0,1600160671,1600160671,NULL),(220,'ZHOUHHHHHHZHOUHHHHHHZHOUHHHHHH386','81f9427f9da29d1cefb5134359962e70',1,1,0,1600160671,1600160671,NULL),(221,'ZHOUHHHHHHZHOUHHHHHHZHOUHHHHHH143','9c5a1ffd04e61b7a94bb67237c617ed2',1,1,0,1600160671,1600160671,NULL),(222,'ZHOUHHHHHHZHOUHHHHHHZHOUHHHHHH385','66c14ae9c397401d84190062673c3877',1,1,0,1600160671,1600160671,NULL),(223,'ZHOUHHHHHHZHOUHHHHHHZHOUHHHHHH146','7f16b52e2258249a77b6c8f60dd52098',1,1,0,1600160671,1600160671,NULL),(224,'ZHOUHHHHHHZHOUHHHHHHZHOUHHHHHH388','a04590e0fc4ab10cbf6a6479767b21d6',1,1,0,1600160671,1600160671,NULL),(225,'ZHOUHHHHHHZHOUHHHHHHZHOUHHHHHH145','815a19b9a7fbf5f503ee04fa746fb39e',1,1,0,1600160671,1600160671,NULL),(226,'ZHOUHHHHHHZHOUHHHHHHZHOUHHHHHH387','a464ffacb4f18cf61314e2029ac166df',1,1,0,1600160671,1600160671,NULL),(227,'ZHOUHHHHHHZHOUHHHHHHZHOUHHHHHH148','ecbf1d05c44a4f823e742897a72a4733',1,1,0,1600160671,1600160671,NULL),(228,'ZHOUHHHHHHZHOUHHHHHHZHOUHHHHHH147','7ba0fa08b376138155213e4faa2db645',1,1,0,1600160671,1600160671,NULL),(229,'ZHOUHHHHHHZHOUHHHHHHZHOUHHHHHH389','ebe754550bfbe986f138e1d9f18b6467',1,1,0,1600160671,1600160671,NULL),(230,'ZHOUHHHHHHZHOUHHHHHHZHOUHHHHHH149','026b47e47bfa9a3c7888fa8f8af74370',1,1,0,1600160671,1600160671,NULL),(231,'ZHOUHHHHHHZHOUHHHHHHZHOUHHHHHH371','f904a6932b9cf7c6cdaae3949b1ad948',1,1,0,1600160671,1600160671,NULL),(232,'ZHOUHHHHHHZHOUHHHHHHZHOUHHHHHH370','6888b66823122e59bfbb75bbbb0af157',1,1,0,1600160671,1600160671,NULL),(233,'ZHOUHHHHHHZHOUHHHHHHZHOUHHHHHH131','16376c892b39d74383a3961201814a1f',1,1,0,1600160671,1600160671,NULL),(234,'ZHOUHHHHHHZHOUHHHHHHZHOUHHHHHH373','64a07bda36294d0ad607bde4ca34df1c',1,1,0,1600160671,1600160671,NULL),(235,'ZHOUHHHHHHZHOUHHHHHHZHOUHHHHHH130','2c3cb59aa0d84375bbe3f876b42d93ea',1,1,0,1600160671,1600160671,NULL),(236,'ZHOUHHHHHHZHOUHHHHHHZHOUHHHHHH372','f328d534d38b3d7a73058ce384ba0f9d',1,1,0,1600160671,1600160671,NULL),(237,'ZHOUHHHHHHZHOUHHHHHHZHOUHHHHHH133','bac4b12cb241747043ca29d2f851b97a',1,1,0,1600160671,1600160671,NULL),(238,'ZHOUHHHHHHZHOUHHHHHHZHOUHHHHHH375','12750fc3c930402abd9b431c2e4defb7',1,1,0,1600160671,1600160671,NULL),(239,'ZHOUHHHHHHZHOUHHHHHHZHOUHHHHHH132','f794c8cc52ff2a342caaad055f6ea494',1,1,0,1600160671,1600160671,NULL),(240,'ZHOUHHHHHHZHOUHHHHHHZHOUHHHHHH374','e08638e74b94c7a770a337dbaf386346',1,1,0,1600160671,1600160671,NULL),(241,'ZHOUHHHHHHZHOUHHHHHHZHOUHHHHHH135','18daa2ed9f4a3703d96c2c989df7d555',1,1,0,1600160671,1600160671,NULL),(242,'ZHOUHHHHHHZHOUHHHHHHZHOUHHHHHH377','8760004d70dab6403e1f83f4c6179340',1,1,0,1600160671,1600160671,NULL),(243,'ZHOUHHHHHHZHOUHHHHHHZHOUHHHHHH134','8752baf9683b676d1dd80893f2034264',1,1,0,1600160671,1600160671,NULL),(244,'ZHOUHHHHHHZHOUHHHHHHZHOUHHHHHH376','f098ac1f4c47df7f100ae2be9ebf6b03',1,1,0,1600160671,1600160671,NULL),(245,'ZHOUHHHHHHZHOUHHHHHHZHOUHHHHHH137','3b24a8123def1bffdcd5082708a89298',1,1,0,1600160671,1600160671,NULL),(246,'ZHOUHHHHHHZHOUHHHHHHZHOUHHHHHH379','6d0054bad009b19c17b7af670cf6b169',1,1,0,1600160671,1600160671,NULL),(247,'ZHOUHHHHHHZHOUHHHHHHZHOUHHHHHH136','37e3319fcde715423ac4a7d8ed2eceaf',1,1,0,1600160671,1600160671,NULL),(248,'ZHOUHHHHHHZHOUHHHHHHZHOUHHHHHH378','e97ebbce11c0c3895d6d26cf1627b0ce',1,1,0,1600160671,1600160671,NULL),(249,'ZHOUHHHHHHZHOUHHHHHHZHOUHHHHHH139','cf9f69c32a09b7e394d591666454fa73',1,1,0,1600160671,1600160671,NULL),(250,'ZHOUHHHHHHZHOUHHHHHHZHOUHHHHHH138','d5a302a5170bc22a9bfbfaeb73240e61',1,1,0,1600160671,1600160671,NULL),(251,'XU','5d600c582e0befcacafc31c397cbdc7b',1,1,0,1600160671,1600160671,NULL),(252,'ZHOUHHHHHHZHOUHHHHHHZHOUHHHHHH360','a54479ea9b3d231d07b7cc98edf3d03d',1,1,0,1600160671,1600160671,NULL),(253,'ZHOUHHHHHHZHOUHHHHHHZHOUHHHHHH120','0b71404a33e14e66bd92218125e38ce2',1,1,0,1600160671,1600160671,NULL),(254,'ZHOUHHHHHHZHOUHHHHHHZHOUHHHHHH362','e7801fce5b4d37f0c307617a73fe9cc7',1,1,0,1600160671,1600160671,NULL),(255,'ZHOUHHHHHHZHOUHHHHHHZHOUHHHHHH361','aa9f3cff0d0ce40a1f90bc4b747f43b5',1,1,0,1600160671,1600160671,NULL),(256,'ZHOUHHHHHHZHOUHHHHHHZHOUHHHHHH122','08ead453bd451cbba76ed3ff7e3b1a17',1,1,0,1600160671,1600160671,NULL),(257,'ZHOUHHHHHHZHOUHHHHHHZHOUHHHHHH364','6cd2d09e1ee988dce469560402abdae5',1,1,0,1600160671,1600160671,NULL),(258,'ZHOUHHHHHHZHOUHHHHHHZHOUHHHHHH121','c8e95a6d290cc4093b9e07cd56067558',1,1,0,1600160671,1600160671,NULL),(259,'ZHOUHHHHHHZHOUHHHHHHZHOUHHHHHH363','85c2e66875955c5ccc2c03a81f32b8a3',1,1,0,1600160671,1600160671,NULL),(260,'ZHOUHHHHHHZHOUHHHHHHZHOUHHHHHH124','5c13263b442987edbe92767b1133bd92',1,1,0,1600160671,1600160671,NULL),(261,'ZHOUHHHHHHZHOUHHHHHHZHOUHHHHHH366','eb50887c30c896fa92c49525e00810fe',1,1,0,1600160671,1600160671,NULL),(262,'ZHOUHHHHHHZHOUHHHHHHZHOUHHHHHH123','d78f1c959e99b3cfeaf007fbfd6c50c9',1,1,0,1600160671,1600160671,NULL),(263,'ZHOUHHHHHHZHOUHHHHHHZHOUHHHHHH365','6b8044bfe6f00ef7430cc91cc4d56c3b',1,1,0,1600160671,1600160671,NULL),(264,'ZHOUHHHHHHZHOUHHHHHHZHOUHHHHHH126','efe270ce87739ce2e8a9f5d5d90b7ddd',1,1,0,1600160671,1600160671,NULL),(265,'ZHOUHHHHHHZHOUHHHHHHZHOUHHHHHH368','d5c4147e6cfb991ba6d01782fdd5c24c',1,1,0,1600160671,1600160671,NULL),(266,'ZHOUHHHHHHZHOUHHHHHHZHOUHHHHHH125','182c2e43b1683246d846444f8868cbce',1,1,0,1600160671,1600160671,NULL),(267,'ZHOUHHHHHHZHOUHHHHHHZHOUHHHHHH367','bf320588f5f15a8b7792cd4723f2d174',1,1,0,1600160671,1600160671,NULL),(268,'ZHOUHHHHHHZHOUHHHHHHZHOUHHHHHH128','a2f973abf1af6948e85423e99f09cc3a',1,1,0,1600160671,1600160671,NULL),(269,'ZHOUHHHHHHZHOUHHHHHHZHOUHHHHHH127','6a2507ff114fc231e7653d3a4bfd66e9',1,1,0,1600160671,1600160671,NULL),(270,'ZHOUHHHHHHZHOUHHHHHHZHOUHHHHHH369','4d44dff5f2baf5937815e72234a6d5ab',1,1,0,1600160671,1600160671,NULL),(271,'ZHOUHHHHHHZHOUHHHHHHZHOUHHHHHH129','7c072e5f32814a3f62fac6e23214fa3f',1,1,0,1600160671,1600160671,NULL),(272,'TEST_PSD','f36413641d274df78893e94c849df9bf',1,1,0,1600160671,1600160671,NULL),(273,'ZHOUHHHHHHZHOUHHHHHHZHOUHHHHHH592','3ec0cf7c36b97aeac400a3db7be215ca',1,1,0,1600160671,1600160671,NULL),(274,'ZHOUHHHHHHZHOUHHHHHHZHOUHHHHHH593','6df4f49beae8771a2e4eb53006157aec',1,1,0,1600160671,1600160671,NULL),(275,'ZHOUHHHHHHZHOUHHHHHHZHOUHHHHHH351','9ec0df6aceb21c99194e3c161c7eacac',1,1,0,1600160671,1600160671,NULL),(276,'ZHOUHHHHHHZHOUHHHHHHZHOUHHHHHH590','605d0ddb4a64552f1ccd2fd5a83fe0f6',1,1,0,1600160671,1600160671,NULL),(277,'ZHOUHHHHHHZHOUHHHHHHZHOUHHHHHH350','31f75882a3f6a65ca8f786c5d2090cf0',1,1,0,1600160671,1600160671,NULL),(278,'ZHOUHHHHHHZHOUHHHHHHZHOUHHHHHH591','a45974777b2a59841bfb94736dd125bb',1,1,0,1600160671,1600160671,NULL),(279,'ZHOUHHHHHHZHOUHHHHHHZHOUHHHHHH111','0d561fba1081ab90f7a26ef9726e3a9e',1,1,0,1600160671,1600160671,NULL),(280,'ZHOUHHHHHHZHOUHHHHHHZHOUHHHHHH353','821b5767b3f4f5fd19e9208c6699f14e',1,1,0,1600160671,1600160671,NULL),(281,'ZHOUHHHHHHZHOUHHHHHHZHOUHHHHHH596','86f1ad4fcf6df89c0ababf7b14207581',1,1,0,1600160671,1600160671,NULL),(282,'ZHOUHHHHHHZHOUHHHHHHZHOUHHHHHH110','e11fc9aec0dbe296a5d2be0d1d9763be',1,1,0,1600160671,1600160671,NULL),(283,'ZHOUHHHHHHZHOUHHHHHHZHOUHHHHHH352','f8a712941556b7f3ef5fc816491c9df3',1,1,0,1600160671,1600160671,NULL),(284,'ZHOUHHHHHHZHOUHHHHHHZHOUHHHHHH597','7a680a366c4a3367f06029b8ec6591b8',1,1,0,1600160671,1600160671,NULL),(285,'ZHOUHHHHHHZHOUHHHHHHZHOUHHHHHH113','befe341e440e1ebe9a6dcc76e194a868',1,1,0,1600160671,1600160671,NULL),(286,'ZHOUHHHHHHZHOUHHHHHHZHOUHHHHHH355','a2ae5ef3b4a7e6a25f0d96c87a133778',1,1,0,1600160671,1600160671,NULL),(287,'ZHOUHHHHHHZHOUHHHHHHZHOUHHHHHH594','9d53e42064347853f393a4618b69f4ac',1,1,0,1600160671,1600160671,NULL),(288,'ZHOUHHHHHHZHOUHHHHHHZHOUHHHHHH112','cab691ee98d06f4f71863299488ab15b',1,1,0,1600160671,1600160671,NULL),(289,'ZHOUHHHHHHZHOUHHHHHHZHOUHHHHHH354','ed31bf2092b6bb2f34d2c35d8c4c11d2',1,1,0,1600160671,1600160671,NULL),(290,'ZHOUHHHHHHZHOUHHHHHHZHOUHHHHHH595','8b570f585964ed6d0befa85cf9530364',1,1,0,1600160671,1600160671,NULL),(291,'ZHOUHHHHHHZHOUHHHHHHZHOUHHHHHH115','133633284d74c1e5fa4bf40ae6f854f8',1,1,0,1600160671,1600160671,NULL),(292,'ZHOUHHHHHHZHOUHHHHHHZHOUHHHHHH357','c88780c5bdaf926a7a307a4b95bc1144',1,1,0,1600160671,1600160671,NULL),(293,'ZHOUHHHHHHZHOUHHHHHHZHOUHHHHHH114','02234e9840c33ad631070b9f3f9e092e',1,1,0,1600160671,1600160671,NULL),(294,'ZHOUHHHHHHZHOUHHHHHHZHOUHHHHHH356','b1451a5dc04ec46bfaa8cbda1b896ee2',1,1,0,1600160671,1600160671,NULL),(295,'ZHOUHHHHHHZHOUHHHHHHZHOUHHHHHH117','fcc2f8cbceae3122f4737c589cd699c8',1,1,0,1600160671,1600160671,NULL),(296,'ZHOUHHHHHHZHOUHHHHHHZHOUHHHHHH359','21c42e5a5501cc692ae0d1a5aa5e124e',1,1,0,1600160671,1600160671,NULL),(297,'ZHOUHHHHHHZHOUHHHHHHZHOUHHHHHH598','24c57048665bd35f51a181d06b712f34',1,1,0,1600160671,1600160671,NULL),(298,'ZHOUHHHHHHZHOUHHHHHHZHOUHHHHHH116','bb0a664cd7e6b6697de25392b833a7b7',1,1,0,1600160671,1600160671,NULL),(299,'ZHOUHHHHHHZHOUHHHHHHZHOUHHHHHH358','489066f447c06bac3605941b27c4505b',1,1,0,1600160671,1600160671,NULL),(300,'ZHOUHHHHHHZHOUHHHHHHZHOUHHHHHH599','e4611f09deaeddfa34e110c7cc0c7e1d',1,1,0,1600160671,1600160671,NULL),(301,'ZHOUHHHHHHZHOUHHHHHHZHOUHHHHHH119','a433a9259c78bddeb3b6222cad874a70',1,1,0,1600160671,1600160671,NULL),(302,'ZHOUHHHHHHZHOUHHHHHHZHOUHHHHHH118','f57bba14fca543985d4e289246258992',1,1,0,1600160671,1600160671,NULL),(303,'LIANG','6e2909ffdff7de576ccc1a6c48a18a83',1,1,0,1600160671,1600160671,NULL),(304,'ZHOUHHHHHHZHOUHHHHHHZHOUHHHHHH581','2a655c0c6015a79b618c60f3b763a7eb',1,1,0,1600160671,1600160671,NULL),(305,'ZHOUHHHHHHZHOUHHHHHHZHOUHHHHHH582','9a282965bccecd6ab9b36fdeb9bd799f',1,1,0,1600160671,1600160671,NULL),(306,'ZHOUHHHHHHZHOUHHHHHHZHOUHHHHHH340','76e85030bbac563d43937556ee01e4d2',1,1,0,1600160671,1600160671,NULL),(307,'ZHOUHHHHHHZHOUHHHHHHZHOUHHHHHH580','87c3467a4c29b88eced1e46d1f0196ef',1,1,0,1600160671,1600160671,NULL),(308,'ZHOUHHHHHHZHOUHHHHHHZHOUHHHHHH100','8cad5ee522eef18389c37352b8efa386',1,1,0,1600160671,1600160671,NULL),(309,'ZHOUHHHHHHZHOUHHHHHHZHOUHHHHHH342','b76cec6cb99954fd521669000fdf218f',1,1,0,1600160671,1600160671,NULL),(310,'ZHOUHHHHHHZHOUHHHHHHZHOUHHHHHH585','fa231d556b945fdd4392de190fe945f9',1,1,0,1600160671,1600160671,NULL),(311,'ZHOUHHHHHHZHOUHHHHHHZHOUHHHHHH341','9ba5932062773cc83758ccc9645f6be3',1,1,0,1600160671,1600160671,NULL),(312,'ZHOUHHHHHHZHOUHHHHHHZHOUHHHHHH586','9ddc43945eaa1e5d77b5a7b9b33811b9',1,1,0,1600160671,1600160671,NULL),(313,'ZHOUHHHHHHZHOUHHHHHHZHOUHHHHHH102','c3c9cb5543328ff097e911ecc432c71a',1,1,0,1600160671,1600160671,NULL),(314,'ZHOUHHHHHHZHOUHHHHHHZHOUHHHHHH344','979407666d0624b973bad93064baf5fd',1,1,0,1600160671,1600160671,NULL),(315,'ZHOUHHHHHHZHOUHHHHHHZHOUHHHHHH583','b2e053375e0365b057a266b0ceee6063',1,1,0,1600160671,1600160671,NULL),(316,'ZHOUHHHHHHZHOUHHHHHHZHOUHHHHHH101','50525721dafbd32145382192d43976c4',1,1,0,1600160671,1600160671,NULL),(317,'ZHOUHHHHHHZHOUHHHHHHZHOUHHHHHH343','0ee37f9920fb789456a9042c91128033',1,1,0,1600160671,1600160671,NULL),(318,'ZHOUHHHHHHZHOUHHHHHHZHOUHHHHHH584','d79b2d1a799f426ea0398144ed8b1478',1,1,0,1600160671,1600160671,NULL),(319,'ZHOUHHHHHHZHOUHHHHHHZHOUHHHHHH104','b3edf530ac22657ec8b73299e42acf4d',1,1,0,1600160671,1600160671,NULL),(320,'ZHOUHHHHHHZHOUHHHHHHZHOUHHHHHH346','9463c7388d9b2ef767b3d253981d759a',1,1,0,1600160671,1600160671,NULL),(321,'ZHOUHHHHHHZHOUHHHHHHZHOUHHHHHH589','f733eddcd49645ff64ed43c5cc6aa0d7',1,1,0,1600160671,1600160671,NULL),(322,'ZHOUHHHHHHZHOUHHHHHHZHOUHHHHHH103','1c253ab59d48e264bb3d9818e9452a8a',1,1,0,1600160671,1600160671,NULL),(323,'ZHOUHHHHHHZHOUHHHHHHZHOUHHHHHH345','b21597acd60674d3b242000f5a428982',1,1,0,1600160671,1600160671,NULL),(324,'ZHOUHHHHHHZHOUHHHHHHZHOUHHHHHH106','0be812470f599ca0ff7f6332933f97f0',1,1,0,1600160671,1600160671,NULL),(325,'ZHOUHHHHHHZHOUHHHHHHZHOUHHHHHH348','7dd4b96fbf34759b0752272b85ef8139',1,1,0,1600160671,1600160671,NULL),(326,'ZHOUHHHHHHZHOUHHHHHHZHOUHHHHHH587','37b89090b0e13cdc5b4a57dd1c03a10a',1,1,0,1600160671,1600160671,NULL),(327,'ZHOUHHHHHHZHOUHHHHHHZHOUHHHHHH105','bd3a1b0d6be88abc0c54f93d70cf84c5',1,1,0,1600160671,1600160671,NULL),(328,'ZHOUHHHHHHZHOUHHHHHHZHOUHHHHHH347','9c9930cac88a1268de36a9f619ae2fc5',1,1,0,1600160671,1600160671,NULL),(329,'ZHOUHHHHHHZHOUHHHHHHZHOUHHHHHH588','5850802dfad33ec5c4db3682f9ffebb4',1,1,0,1600160671,1600160671,NULL),(330,'ZHOUHHHHHHZHOUHHHHHHZHOUHHHHHH108','7b17e2616113a7ff669a4886bdc7da96',1,1,0,1600160671,1600160671,NULL),(331,'ZHOUHHHHHHZHOUHHHHHHZHOUHHHHHH107','d8a3140f7b0918ff29a02ecb348ef1c7',1,1,0,1600160671,1600160671,NULL),(332,'ZHOUHHHHHHZHOUHHHHHHZHOUHHHHHH349','8fbb20c655370e5a1354e9d99797ed4d',1,1,0,1600160671,1600160671,NULL),(333,'ZHOUHHHHHHZHOUHHHHHHZHOUHHHHHH109','3e7e7626968c0d5440bd6b9b2421224d',1,1,0,1600160671,1600160671,NULL),(334,'HCY_ADMIN','f51bea1fe9660f1274198a2bdf2c41f8',1,1,0,1600160671,1600160671,NULL),(335,'ZHOUHHHHHHZHOUHHHHHHZHOUHHHHHH570','25f5f87dd497b9c16b5d68335eaecd7b',1,1,0,1600160671,1600160671,NULL),(336,'ZHOUHHHHHHZHOUHHHHHHZHOUHHHHHH571','87bf71b7f624f72d5891ce4bc07cf212',1,1,0,1600160671,1600160671,NULL),(337,'ZHOUHHHHHHZHOUHHHHHHZHOUHHHHHH331','a70420e920f69cb13e5f25e6f9cef674',1,1,0,1600160671,1600160671,NULL),(338,'ZHOUHHHHHHZHOUHHHHHHZHOUHHHHHH574','16ccbf0b89db279e1645330f8f44d55d',1,1,0,1600160671,1600160671,NULL),(339,'ZHOUHHHHHHZHOUHHHHHHZHOUHHHHHH330','3f319a824757d86bba98798267ad5280',1,1,0,1600160671,1600160671,NULL),(340,'ZHOUHHHHHHZHOUHHHHHHZHOUHHHHHH575','f7599986885cf2ac28f269d0fba51775',1,1,0,1600160671,1600160671,NULL),(341,'ZHOUHHHHHHZHOUHHHHHHZHOUHHHHHH333','d5c884cb0c177af51c2f8b0b6ede8f94',1,1,0,1600160671,1600160671,NULL),(342,'ZHOUHHHHHHZHOUHHHHHHZHOUHHHHHH572','0cb4e133787fdda92b74c58037befc3a',1,1,0,1600160671,1600160671,NULL),(343,'ZHOUHHHHHHZHOUHHHHHHZHOUHHHHHH332','e1bda8f887819bff6f7a23cd15212395',1,1,0,1600160671,1600160671,NULL),(344,'ZHOUHHHHHHZHOUHHHHHHZHOUHHHHHH573','8145b77b1d28e63f56ce756d70d72498',1,1,0,1600160671,1600160671,NULL),(345,'ZHOUHHHHHHZHOUHHHHHHZHOUHHHHHH335','ef2181f564d25a5ff3d8ebfe75eb0499',1,1,0,1600160671,1600160671,NULL),(346,'ZHOUHHHHHHZHOUHHHHHHZHOUHHHHHH578','8eb7d7269eacd281e0d4d17c379011e2',1,1,0,1600160671,1600160671,NULL),(347,'ZHOUHHHHHHZHOUHHHHHHZHOUHHHHHH334','8afb02da88c6643f41a4b7cddccf507d',1,1,0,1600160671,1600160671,NULL),(348,'ZHOUHHHHHHZHOUHHHHHHZHOUHHHHHH579','349be416495b7c61565d39d0026b1b5e',1,1,0,1600160671,1600160671,NULL),(349,'ZHOUHHHHHHZHOUHHHHHHZHOUHHHHHH337','a3efe8b8023f9a0ae9b1d196b2846339',1,1,0,1600160671,1600160671,NULL),(350,'ZHOUHHHHHHZHOUHHHHHHZHOUHHHHHH576','5f7105624292d8f8ecd67bd8d3f7e18d',1,1,0,1600160671,1600160671,NULL),(351,'ZHOUHHHHHHZHOUHHHHHHZHOUHHHHHH336','4d327d16693d2b7e913014755234ec2b',1,1,0,1600160671,1600160671,NULL),(352,'ZHOUHHHHHHZHOUHHHHHHZHOUHHHHHH577','641189e414340080f0e39c57a7e05803',1,1,0,1600160671,1600160671,NULL),(353,'ZHOUHHHHHHZHOUHHHHHHZHOUHHHHHH339','67b129e15a8ff072a1db0f6cf8776613',1,1,0,1600160671,1600160671,NULL),(354,'ZHOUHHHHHHZHOUHHHHHHZHOUHHHHHH338','beab3817cf7f00b2f45ad8f1b18c2351',1,1,0,1600160671,1600160671,NULL),(355,'ZHOUHHHHHHZHOUHHHHHHZHOUHHHHHH560','859b59fa7e0c10340c9f8daef714a674',1,1,0,1600160671,1600160671,NULL),(356,'ZHOUHHHHHHZHOUHHHHHHZHOUHHHHHH320','11b26c3910113dcc3b71d9254f6873a9',1,1,0,1600160671,1600160671,NULL),(357,'ZHOUHHHHHHZHOUHHHHHHZHOUHHHHHH563','6d96357b5d176e0b63767c94712ce007',1,1,0,1600160671,1600160671,NULL),(358,'ZHOUHHHHHHZHOUHHHHHHZHOUHHHHHH564','c97f564ec0cbf525a8c2822140b5d20c',1,1,0,1600160671,1600160671,NULL),(359,'ZHOUHHHHHHZHOUHHHHHHZHOUHHHHHH322','a2e03cb0755bda72f873ee7c21919dd4',1,1,0,1600160671,1600160671,NULL),(360,'ZHOUHHHHHHZHOUHHHHHHZHOUHHHHHH561','c1188106913132d2c4a879a463b9d848',1,1,0,1600160671,1600160671,NULL),(361,'ZHOUHHHHHHZHOUHHHHHHZHOUHHHHHH321','449b55b4e3d98c8fcce9aa7b0de1ba62',1,1,0,1600160671,1600160671,NULL),(362,'ZHOUHHHHHHZHOUHHHHHHZHOUHHHHHH562','019ed3f70471fb799e0f502d9302180b',1,1,0,1600160671,1600160671,NULL),(363,'ZHOUHHHHHHZHOUHHHHHHZHOUHHHHHH324','6999f502125e0fa8eca98f84361454cb',1,1,0,1600160671,1600160671,NULL),(364,'ZHOUHHHHHHZHOUHHHHHHZHOUHHHHHH567','815798be856c4ff6c66bf6a50f3dbd7d',1,1,0,1600160671,1600160671,NULL),(365,'ZHOUHHHHHHZHOUHHHHHHZHOUHHHHHH323','d4e6ed0363898b1c85282a9aee918382',1,1,0,1600160671,1600160671,NULL),(366,'ZHOUHHHHHHZHOUHHHHHHZHOUHHHHHH568','cd4319c175a94b1f56b3821f4bfd26e3',1,1,0,1600160671,1600160671,NULL),(367,'ZHOUHHHHHHZHOUHHHHHHZHOUHHHHHH326','2c98552f26fab13a689d3509e9dc3351',1,1,0,1600160671,1600160671,NULL),(368,'ZHOUHHHHHHZHOUHHHHHHZHOUHHHHHH565','c34e3d906fa049f3da73e2b0501da2f7',1,1,0,1600160671,1600160671,NULL),(369,'ZHOUHHHHHHZHOUHHHHHHZHOUHHHHHH325','eb41cb799e498909f9264c4e9f6862bd',1,1,0,1600160671,1600160671,NULL),(370,'ZHOUHHHHHHZHOUHHHHHHZHOUHHHHHH566','3b531a0faaf2a13de38363f2e3675f34',1,1,0,1600160671,1600160671,NULL),(371,'ZHOUHHHHHHZHOUHHHHHHZHOUHHHHHH328','6b529f18b2ec45f01ccb5b8869215ae2',1,1,0,1600160671,1600160671,NULL),(372,'ZHOUHHHHHHZHOUHHHHHHZHOUHHHHHH327','6d27227e3b66f3bb86d2b54b92a26b9c',1,1,0,1600160671,1600160671,NULL),(373,'ZHOUHHHHHHZHOUHHHHHHZHOUHHHHHH569','4bd5b41e6de31e8edb13dfcfd3c5cf92',1,1,0,1600160671,1600160671,NULL),(374,'ZHOUHHHHHHZHOUHHHHHHZHOUHHHHHH329','9022cfa861bc584036a69819ab0a3f88',1,1,0,1600160671,1600160671,NULL),(375,'ZHOUHHHHHHZHOUHHHHHHZHOUHHHHHH309','f8204f2b575067bd04861ad1b625c0b0',1,1,0,1600160671,1600160671,NULL),(376,'PROJECT_QUERY','c5f3071cc0b858a1cc5956eb7374e68f',1,1,0,1600160671,1600160671,NULL),(377,'ZHOUHHHHHHZHOUHHHHHHZHOUHHHHHH790','0095d7de490d938be635f523fc79c2d2',1,1,0,1600160671,1600160671,NULL),(378,'ZHOUHHHHHHZHOUHHHHHHZHOUHHHHHH791','f27b6480d394fc0e5b30ab8602e1f256',1,1,0,1600160671,1600160671,NULL),(379,'ZHOUHHHHHHZHOUHHHHHHZHOUHHHHHH552','554c26d8618df931fa98a13efbf4d84c',1,1,0,1600160671,1600160671,NULL),(380,'ZHOUHHHHHHZHOUHHHHHHZHOUHHHHHH794','4684b0c22537269d2f4928a47f2f301c',1,1,0,1600160671,1600160671,NULL),(381,'ZHOUHHHHHHZHOUHHHHHHZHOUHHHHHH553','01d9da6c5d3ea435285ddeb547c913d1',1,1,0,1600160671,1600160671,NULL),(382,'ZHOUHHHHHHZHOUHHHHHHZHOUHHHHHH795','9121249aed54612c029e795c5f27d230',1,1,0,1600160671,1600160671,NULL),(383,'ZHOUHHHHHHZHOUHHHHHHZHOUHHHHHH311','ee93de12b7faa9feec5f9fffd48169c6',1,1,0,1600160671,1600160671,NULL),(384,'ZHOUHHHHHHZHOUHHHHHHZHOUHHHHHH550','32256aa4b11d49e1b0cc7c1a945ec23a',1,1,0,1600160671,1600160671,NULL),(385,'ZHOUHHHHHHZHOUHHHHHHZHOUHHHHHH792','02ce8366763d6c0057c3a50e1a6183fd',1,1,0,1600160671,1600160671,NULL),(386,'ZHOUHHHHHHZHOUHHHHHHZHOUHHHHHH310','8fb6fa3eef9e8e7a575c072caae0ba57',1,1,0,1600160671,1600160671,NULL),(387,'ZHOUHHHHHHZHOUHHHHHHZHOUHHHHHH551','568acca52188505239a6eb43046b5bc4',1,1,0,1600160671,1600160671,NULL),(388,'ZHOUHHHHHHZHOUHHHHHHZHOUHHHHHH793','fafea87f9d4ac2c54065645622763623',1,1,0,1600160671,1600160671,NULL),(389,'ZHOUHHHHHHZHOUHHHHHHZHOUHHHHHH313','03dd1c4fb27978b55d54e4af68676b34',1,1,0,1600160671,1600160671,NULL),(390,'ZHOUHHHHHHZHOUHHHHHHZHOUHHHHHH556','4eb57a70b1aa8df840895b6bcf08a6d1',1,1,0,1600160671,1600160671,NULL),(391,'ZHOUHHHHHHZHOUHHHHHHZHOUHHHHHH798','018cc75e214a2936b10cc6fb90e8928e',1,1,0,1600160671,1600160671,NULL),(392,'ZHOUHHHHHHZHOUHHHHHHZHOUHHHHHH312','18a14a579c9d3f8b4ce2655329a0a42e',1,1,0,1600160671,1600160671,NULL),(393,'ZHOUHHHHHHZHOUHHHHHHZHOUHHHHHH557','8d7d23334e42f646e02dc5ff41d134d9',1,1,0,1600160671,1600160671,NULL),(394,'ZHOUHHHHHHZHOUHHHHHHZHOUHHHHHH799','6e7919b0958ac65f6e3f81d72ca5911b',1,1,0,1600160671,1600160671,NULL),(395,'ZHOUHHHHHHZHOUHHHHHHZHOUHHHHHH315','469a55b2dc128d06b322b69f63411a51',1,1,0,1600160671,1600160671,NULL),(396,'ZHOUHHHHHHZHOUHHHHHHZHOUHHHHHH554','9afc8cc42afe6ab98f9d6c0c5c3dfe15',1,1,0,1600160671,1600160671,NULL),(397,'ZHOUHHHHHHZHOUHHHHHHZHOUHHHHHH796','4c5ae57c6215fab83f4cbdf435636799',1,1,0,1600160671,1600160671,NULL),(398,'ZHOUHHHHHHZHOUHHHHHHZHOUHHHHHH314','a9d562c635a118cff064e2668772fc90',1,1,0,1600160671,1600160671,NULL),(399,'ZHOUHHHHHHZHOUHHHHHHZHOUHHHHHH555','1f45d228191183caa1e8fd9f9b2081ec',1,1,0,1600160671,1600160671,NULL),(400,'ZHOUHHHHHHZHOUHHHHHHZHOUHHHHHH797','80162a7a1fbae1765049e0ee893e924c',1,1,0,1600160671,1600160671,NULL),(401,'ZHOUHHHHHHZHOUHHHHHHZHOUHHHHHH317','45da25c85b248c8dcf092980e005466c',1,1,0,1600160671,1600160671,NULL),(402,'ZHOUHHHHHHZHOUHHHHHHZHOUHHHHHH316','2c7acc37f0fa45b010533582b05ad14b',1,1,0,1600160671,1600160671,NULL),(403,'ZHOUHHHHHHZHOUHHHHHHZHOUHHHHHH319','2b0acf540d800c88165c489794d76fe8',1,1,0,1600160671,1600160671,NULL),(404,'ZHOUHHHHHHZHOUHHHHHHZHOUHHHHHH558','a871f0096cc99b7e3c68566a6a6f066f',1,1,0,1600160671,1600160671,NULL),(405,'ZHOUHHHHHHZHOUHHHHHHZHOUHHHHHH318','e4281a3f8c427a06bb5db2b3b186c97b',1,1,0,1600160671,1600160671,NULL),(406,'ZHOUHHHHHHZHOUHHHHHHZHOUHHHHHH559','97e0e3ae7fd07a52cc2b8df0dde933e3',1,1,0,1600160671,1600160671,NULL),(407,'ZHOUHHHHHHZHOUHHHHHHZHOUHHHHHH780','8055954e34da15cce74947e27ab931e5',1,1,0,1600160671,1600160671,NULL),(408,'MDX_USER1','98cbfdf5a82b47de8f0de5e0731c48ec',1,1,0,1600160671,1600160671,NULL),(409,'MDX_USER2','c7e0bdffffb1dbcefb7cf00ca3f12050',1,1,0,1600160671,1600160671,NULL),(410,'ZHOUHHHHHHZHOUHHHHHHZHOUHHHHHH541','1e9274b34222ec7b5b51c48438392876',1,1,0,1600160671,1600160671,NULL),(411,'ZHOUHHHHHHZHOUHHHHHHZHOUHHHHHH783','2a972f09a6851cb9060b83baf54d6731',1,1,0,1600160671,1600160671,NULL),(412,'ZHOUHHHHHHZHOUHHHHHHZHOUHHHHHH542','3077506552b898b3d45b249159b94cf3',1,1,0,1600160671,1600160671,NULL),(413,'ZHOUHHHHHHZHOUHHHHHHZHOUHHHHHH784','2e63ee1c996b9fa7e899990afcdb834a',1,1,0,1600160671,1600160671,NULL),(414,'ZHOUHHHHHHZHOUHHHHHHZHOUHHHHHH300','b9589f590178bce415530f470a0e27e5',1,1,0,1600160671,1600160671,NULL),(415,'ZHOUHHHHHHZHOUHHHHHHZHOUHHHHHH781','e4cfa8fad84a75e75f5b17216dbfc573',1,1,0,1600160671,1600160671,NULL),(416,'ZHOUHHHHHHZHOUHHHHHHZHOUHHHHHH540','34964285cafb838625a4a0c20742987a',1,1,0,1600160671,1600160671,NULL),(417,'ZHOUHHHHHHZHOUHHHHHHZHOUHHHHHH782','2f9aa754d7253bdcf1df9b6374033371',1,1,0,1600160671,1600160671,NULL),(418,'ZHOUHHHHHHZHOUHHHHHHZHOUHHHHHH302','b342de80d599478f86183f1f6d3dc48e',1,1,0,1600160671,1600160671,NULL),(419,'ZHOUHHHHHHZHOUHHHHHHZHOUHHHHHH545','91ff6096555d957f6285c0e2211c57b6',1,1,0,1600160671,1600160671,NULL),(420,'ZHOUHHHHHHZHOUHHHHHHZHOUHHHHHH787','b979181d5e0f93f259c89ac6b0b20493',1,1,0,1600160671,1600160671,NULL),(421,'ZHOUHHHHHHZHOUHHHHHHZHOUHHHHHH301','1032c2975d4f0fc61b2eebe7dab08d73',1,1,0,1600160671,1600160671,NULL),(422,'ZHOUHHHHHHZHOUHHHHHHZHOUHHHHHH546','db33e91a6ef85794c6601fccddaf8fa0',1,1,0,1600160671,1600160671,NULL),(423,'ZHOUHHHHHHZHOUHHHHHHZHOUHHHHHH788','0966c0af5d4aff1765e17ca724e37a1f',1,1,0,1600160671,1600160671,NULL),(424,'ZHOUHHHHHHZHOUHHHHHHZHOUHHHHHH304','37ce43ac7cc0368c0ddf486291177e6b',1,1,0,1600160671,1600160671,NULL),(425,'ZHOUHHHHHHZHOUHHHHHHZHOUHHHHHH543','dc38bcf7b7b3a668718af4b5fe49bed1',1,1,0,1600160671,1600160671,NULL),(426,'ZHOUHHHHHHZHOUHHHHHHZHOUHHHHHH785','e1352a4bbcaeacecd36b88e474427c12',1,1,0,1600160671,1600160671,NULL),(427,'JOANNA','59841e906c0ed37d58cb66bd559ff0fd',1,1,0,1600160671,1600160671,NULL),(428,'ZHOUHHHHHHZHOUHHHHHHZHOUHHHHHH303','e24c1bf9af5f8c9247d1c20016ca35be',1,1,0,1600160671,1600160671,NULL),(429,'ZHOUHHHHHHZHOUHHHHHHZHOUHHHHHH544','92a3c8b0285183a92c67a217c51eceda',1,1,0,1600160671,1600160671,NULL),(430,'ZHOUHHHHHHZHOUHHHHHHZHOUHHHHHH786','0ff84e132cbd9200232a13cc6ac0fc14',1,1,0,1600160671,1600160671,NULL),(431,'ZHOUHHHHHHZHOUHHHHHHZHOUHHHHHH306','feb858ba40cc3abe6fe99adf7dc6555d',1,1,0,1600160671,1600160671,NULL),(432,'ZHOUHHHHHHZHOUHHHHHHZHOUHHHHHH549','4f80ba6f7f9be5ead5239c101b805030',1,1,0,1600160671,1600160671,NULL),(433,'ZHOUHHHHHHZHOUHHHHHHZHOUHHHHHH305','0c968eb19f940bac12fdced2e54ec1cb',1,1,0,1600160671,1600160671,NULL),(434,'ZHOUHHHHHHZHOUHHHHHHZHOUHHHHHH308','5445309ea0c4ac88d4482595927def53',1,1,0,1600160671,1600160671,NULL),(435,'ZHOUHHHHHHZHOUHHHHHHZHOUHHHHHH547','e965985f7e3932e26f4a650b3e3c66f7',1,1,0,1600160671,1600160671,NULL),(436,'ZHOUHHHHHHZHOUHHHHHHZHOUHHHHHH789','7422dbebc98e048941bb498d89ff6c06',1,1,0,1600160671,1600160671,NULL),(437,'ZHOUHHHHHHZHOUHHHHHHZHOUHHHHHH307','177a8f0ff5f66c491e2da85144b9137f',1,1,0,1600160671,1600160671,NULL),(438,'ZHOUHHHHHHZHOUHHHHHHZHOUHHHHHH548','9e7a2346e22ff0f53fcc8925c9da38cb',1,1,0,1600160671,1600160671,NULL),(439,'ZHOUHHHHHHZHOUHHHHHHZHOUHHHHHH529','f5b942f1210c86ed9a8c93129417ab2a',1,1,0,1600160671,1600160671,NULL),(440,'XJNTEST','fcab50522aa6a11da23362261371ae8a',1,1,0,1600160671,1600160671,NULL),(441,'ZHOUHHHHHHZHOUHHHHHHZHOUHHHHHH530','8ded64fa65c3acefc372abed475a1304',1,1,0,1600160671,1600160671,NULL),(442,'ZHOUHHHHHHZHOUHHHHHHZHOUHHHHHH772','2c4ca51205d4af5847de118e1371d0a1',1,1,0,1600160671,1600160671,NULL),(443,'MOVE','c2b44255090ba2e36de68db802b6237e',1,1,0,1600160671,1600160671,NULL),(444,'ZHOUHHHHHHZHOUHHHHHHZHOUHHHHHH531','5796d23575f5bd58ca5af90ca2b3d308',1,1,0,1600160671,1600160671,NULL),(445,'ZHOUHHHHHHZHOUHHHHHHZHOUHHHHHH773','29d502a60ee33e37f764d414bd7fe314',1,1,0,1600160671,1600160671,NULL),(446,'ZHOUHHHHHHZHOUHHHHHHZHOUHHHHHH770','92278d0a22dbff9496a8339fe29a0103',1,1,0,1600160671,1600160671,NULL),(447,'ZHOUHHHHHHZHOUHHHHHHZHOUHHHHHH771','264b7388985af6fa1bc841afbf882e00',1,1,0,1600160671,1600160671,NULL),(448,'ZHOUHHHHHHZHOUHHHHHHZHOUHHHHHH534','5a00b1fcfeae5df6fc5a12372f309c10',1,1,0,1600160671,1600160671,NULL),(449,'ZHOUHHHHHHZHOUHHHHHHZHOUHHHHHH776','cc7458fd945be2594c1db570c58edbae',1,1,0,1600160671,1600160671,NULL),(450,'ZHOUHHHHHHZHOUHHHHHHZHOUHHHHHH535','a1575e536c1e9e163acc7f8e9a050bd6',1,1,0,1600160671,1600160671,NULL),(451,'ZHOUHHHHHHZHOUHHHHHHZHOUHHHHHH777','87a0b02f0470195f7e7946903d2b5a90',1,1,0,1600160671,1600160671,NULL),(452,'ZHOUHHHHHHZHOUHHHHHHZHOUHHHHHH532','18c720959d1aef8bf924815ea8d993fe',1,1,0,1600160671,1600160671,NULL),(453,'ZHOUHHHHHHZHOUHHHHHHZHOUHHHHHH774','0e4bc42a1ca9ad369cb62764b97da0f6',1,1,0,1600160671,1600160671,NULL),(454,'ZHOUHHHHHHZHOUHHHHHHZHOUHHHHHH533','07905c71dc5614fec0de5b7db1e54411',1,1,0,1600160671,1600160671,NULL),(455,'ZHOUHHHHHHZHOUHHHHHHZHOUHHHHHH775','9e29ae6c1dd3937d7bc075e474566068',1,1,0,1600160671,1600160671,NULL),(456,'ZHOUHHHHHHZHOUHHHHHHZHOUHHHHHH538','097dfd6ecef40b39bcd3729b4a2a7c94',1,1,0,1600160671,1600160671,NULL),(457,'ZHOUHHHHHHZHOUHHHHHHZHOUHHHHHH539','5daa4d92c5ec586d022ee381a9d410a0',1,1,0,1600160671,1600160671,NULL),(458,'ZHOUHHHHHHZHOUHHHHHHZHOUHHHHHH536','6cf6ebf4c9110109605a37f988ff8603',1,1,0,1600160671,1600160671,NULL),(459,'ZHOUHHHHHHZHOUHHHHHHZHOUHHHHHH778','9e89b92841b727cedf28ee0a4d8d0197',1,1,0,1600160671,1600160671,NULL),(460,'ZHOUHHHHHHZHOUHHHHHHZHOUHHHHHH537','3da2d9ca6d610cb0fb1f7a6bd51289a4',1,1,0,1600160671,1600160671,NULL),(461,'ZHOUHHHHHHZHOUHHHHHHZHOUHHHHHH779','724b37f8439ae3991bcc1974a2821239',1,1,0,1600160671,1600160671,NULL),(462,'ZHOUHHHHHHZHOUHHHHHHZHOUHHHHHH639','18953c265375e5e3ab402f949a4c0145',1,1,0,1600160671,1600160671,NULL),(463,'ZHOUHHHHHHZHOUHHHHHHZHOUHHHHHH640','493d71714661e6c4b105e80ac150608e',1,1,0,1600160671,1600160671,NULL),(464,'ZHOUHHHHHHZHOUHHHHHHZHOUHHHHHH641','2da679e43eb4c3e13a4a2f4c2fee84cc',1,1,0,1600160671,1600160671,NULL),(465,'ZHOUHHHHHHZHOUHHHHHHZHOUHHHHHH402','8f8351adf8113de474ca40c1bf13917a',1,1,0,1600160671,1600160671,NULL),(466,'ZHOUHHHHHHZHOUHHHHHHZHOUHHHHHH644','5bb73286007a71e1ff066b3352fbb218',1,1,0,1600160671,1600160671,NULL),(467,'ZHOUHHHHHHZHOUHHHHHHZHOUHHHHHH403','30f46171c6140c8ee8461ac2eab72369',1,1,0,1600160671,1600160671,NULL),(468,'ZHOUHHHHHHZHOUHHHHHHZHOUHHHHHH645','7102632a178b825b7a82840ebdf5000d',1,1,0,1600160671,1600160671,NULL),(469,'ZHOUHHHHHHZHOUHHHHHHZHOUHHHHHH400','7b8d76019b86f3a9a5bbeed0eefebe21',1,1,0,1600160671,1600160671,NULL),(470,'ZHOUHHHHHHZHOUHHHHHHZHOUHHHHHH642','63448112c93bc63e840fc3b35046a780',1,1,0,1600160671,1600160671,NULL),(471,'ZHOUHHHHHHZHOUHHHHHHZHOUHHHHHH401','dc2ba62e9eb8666b748c1fe5d0b05372',1,1,0,1600160671,1600160671,NULL),(472,'ZHOUHHHHHHZHOUHHHHHHZHOUHHHHHH643','dcf80e5555c68a02f5ce30ec690fe3c7',1,1,0,1600160671,1600160671,NULL),(473,'ZHOUHHHHHHZHOUHHHHHHZHOUHHHHHH406','f778293d928f8fd11331bbd48348143a',1,1,0,1600160671,1600160671,NULL),(474,'ZHOUHHHHHHZHOUHHHHHHZHOUHHHHHH648','f67034d68da9b3ee163127896a6fb5c4',1,1,0,1600160671,1600160671,NULL),(475,'ZHOUHHHHHHZHOUHHHHHHZHOUHHHHHH407','fadc3141dd48afd1328c58a67274409e',1,1,0,1600160671,1600160671,NULL),(476,'ZHOUHHHHHHZHOUHHHHHHZHOUHHHHHH649','5f78ddef562827fdabe4cff8cae3485d',1,1,0,1600160671,1600160671,NULL),(477,'ZHOUHHHHHHZHOUHHHHHHZHOUHHHHHH404','a94169b3cb1d7d3d7d7aff76e9d3c2d1',1,1,0,1600160671,1600160671,NULL),(478,'ZHOUHHHHHHZHOUHHHHHHZHOUHHHHHH646','e3b7c7a5b39274aa52d1012fdc86e7a8',1,1,0,1600160671,1600160671,NULL),(479,'ZHOUHHHHHHZHOUHHHHHHZHOUHHHHHH405','ec4196c8f5d3a95fd5b3837097998675',1,1,0,1600160671,1600160671,NULL),(480,'ZHOUHHHHHHZHOUHHHHHHZHOUHHHHHH647','d38e7c2c689c45b2a138d3adb45c3bcf',1,1,0,1600160671,1600160671,NULL),(481,'ZHOUHHHHHHZHOUHHHHHHZHOUHHHHHH628','287dcb893ac6ca367e044d2ed6232510',1,1,0,1600160671,1600160671,NULL),(482,'ZHOUHHHHHHZHOUHHHHHHZHOUHHHHHH629','3600ae8b733af1c8c9a7e5ae67ff6f2d',1,1,0,1600160671,1600160671,NULL),(483,'ZHOUHHHHHHZHOUHHHHHHZHOUHHHHHH630','467a5caa063d74022e5fe7d21a299dc5',1,1,0,1600160671,1600160671,NULL),(484,'NCOV_USER','b5df05ba6c9851f31df3d85612c278fc',1,1,0,1600160671,1600160671,NULL),(485,'ZHOUHHHHHHZHOUHHHHHHZHOUHHHHHH633','0bb4df332cd82ab045b6894b1ee7a3d1',1,1,0,1600160671,1600160671,NULL),(486,'ZHOUHHHHHHZHOUHHHHHHZHOUHHHHHH634','0ee01c6a30e4ad11a1c0aacc0ea1eee0',1,1,0,1600160671,1600160671,NULL),(487,'ZHOUHHHHHHZHOUHHHHHHZHOUHHHHHH631','7f9c5aad09cd862d824457196de3d1bb',1,1,0,1600160671,1600160671,NULL),(488,'ZHOUHHHHHHZHOUHHHHHHZHOUHHHHHH632','0fdde9fb3961ac0164afb33fb3952b6f',1,1,0,1600160671,1600160671,NULL),(489,'ZHOUHHHHHHZHOUHHHHHHZHOUHHHHHH637','d47b624f537b56513b77118ae7997df3',1,1,0,1600160671,1600160671,NULL),(490,'ZHOUHHHHHHZHOUHHHHHHZHOUHHHHHH638','1f221dbda7739f50e9f2a9e3cc6c8bf7',1,1,0,1600160671,1600160671,NULL),(491,'ZHOUHHHHHHZHOUHHHHHHZHOUHHHHHH635','cc8f751741bdd8fb76d9c2318e763de9',1,1,0,1600160671,1600160671,NULL),(492,'ZHOUHHHHHHZHOUHHHHHHZHOUHHHHHH636','70a2154636f6902025cbc223ed2951e0',1,1,0,1600160671,1600160671,NULL),(493,'ZHOUHHHHHHZHOUHHHHHHZHOUHHHHHH619','21fdb604ce5d865e06d209108b2afc1d',1,1,0,1600160671,1600160671,NULL),(494,'ABC','bc89402b5b80b82683c52171f4ddd593',1,1,0,1600160671,1600160671,NULL),(495,'ZHOUHHHHHHZHOUHHHHHHZHOUHHHHHH617','700778ee905f1d3eb53cda84e18426ec',1,1,0,1600160671,1600160671,NULL),(496,'ZHOUHHHHHHZHOUHHHHHHZHOUHHHHHH618','f2351cd26dfcbebf24cb16207239f573',1,1,0,1600160671,1600160671,NULL),(497,'HELIU','7740de7905e85bfcff4ae62360e477e1',1,1,0,1600160671,1600160671,NULL),(498,'ZHOUX','117e314409c85834beddeae03a85e8d2',1,1,0,1600160671,1600160671,NULL),(499,'JIE.LUO@KYLIGENCE.IO','170c0a3ffac0db482097e691953d5b76',1,1,0,1600160671,1600160671,NULL),(500,'ZHOUHHHHHHZHOUHHHHHHZHOUHHHHHH622','97293d5751fbe1d46444e6977bfb68d4',1,1,0,1600160671,1600160671,NULL),(501,'ZHOUHHHHHHZHOUHHHHHHZHOUHHHHHH623','be993fe868530d3ee9bd99dc84da65dc',1,1,0,1600160671,1600160671,NULL),(502,'ZHOUHHHHHHZHOUHHHHHHZHOUHHHHHH620','63b18b05f2e9206af34894452c6eaf98',1,1,0,1600160671,1600160671,NULL),(503,'ZHOUHHHHHHZHOUHHHHHHZHOUHHHHHH621','0fa875b2bb9002b487cff3ac77c2d9fd',1,1,0,1600160671,1600160671,NULL),(504,'ZHOUHHHHHHZHOUHHHHHHZHOUHHHHHH626','603e67509a1a384b64a7a4bc4b5ea2bf',1,1,0,1600160671,1600160671,NULL),(505,'ZHOUHHHHHHZHOUHHHHHHZHOUHHHHHH627','f118244ad53623cac55ef544ffc5e81f',1,1,0,1600160671,1600160671,NULL),(506,'ZHOUHHHHHHZHOUHHHHHHZHOUHHHHHH624','383a0c528ae962ecb911df0ab9f4878f',1,1,0,1600160671,1600160671,NULL),(507,'ZHOUHHHHHHZHOUHHHHHHZHOUHHHHHH625','779ac6f0eaff22fdad0e2e8cf4c8bb40',1,1,0,1600160671,1600160671,NULL),(508,'ZHOUHHHHHHZHOUHHHHHHZHOUHHHHHH608','6aa990b744bb2d6b1a64bc9934f8d9b5',1,1,0,1600160671,1600160671,NULL),(509,'ZHOUHHHHHHZHOUHHHHHHZHOUHHHHHH609','7f5138ca8382f690d0a2d173f5f094cb',1,1,0,1600160671,1600160671,NULL),(510,'ZHOUHHHHHHZHOUHHHHHHZHOUHHHHHH606','9a68366a99afc1adf1ffd8f29f02006f',1,1,0,1600160671,1600160671,NULL),(511,'ZHOUHHHHHHZHOUHHHHHHZHOUHHHHHH607','36cde2354c46d30437e8f341c458806d',1,1,0,1600160671,1600160671,NULL),(512,'Y2000','618c2a5b685e5d74713a392049706277',1,1,0,1600160671,1600160671,NULL),(513,'ZHOUHHHHHHZHOUHHHHHHZHOUHHHHHH611','321407d3b1d87de26a36bcacee92f70a',1,1,0,1600160671,1600160671,NULL),(514,'ZHOUHHHHHHZHOUHHHHHHZHOUHHHHHH612','d95bde615134880b84c6bed967dc244f',1,1,0,1600160671,1600160671,NULL),(515,'ZHOUHHHHHHZHOUHHHHHHZHOUHHHHHH610','21cbcf6b06ca16d908b0e3fa28e6915e',1,1,0,1600160671,1600160671,NULL),(516,'ZHOUHHHHHHZHOUHHHHHHZHOUHHHHHH615','542f80bcf31b50b9f8f386b5289efba5',1,1,0,1600160671,1600160671,NULL),(517,'ZHOUHHHHHHZHOUHHHHHHZHOUHHHHHH616','01ba610e3c2ca3c14233dd526503d62b',1,1,0,1600160671,1600160671,NULL),(518,'ZHOUHHHHHHZHOUHHHHHHZHOUHHHHHH613','290a8b7bd2b6855cc8e212cd115f2b0a',1,1,0,1600160671,1600160671,NULL),(519,'ZHOUHHHHHHZHOUHHHHHHZHOUHHHHHH614','1f6d5414c343df074dc8c0d24217f6f1',1,1,0,1600160671,1600160671,NULL),(520,'ZHOUHHHHHHZHOUHHHHHHZHOUHHHHHH20','0bb6a1fef1383f43fa7a908dd7b7331f',1,1,0,1600160671,1600160671,NULL),(521,'ZHOUHHHHHHZHOUHHHHHHZHOUHHHHHH21','217261620b419bc21ad070437a3b4433',1,1,0,1600160671,1600160671,NULL),(522,'ZHOUHHHHHHZHOUHHHHHHZHOUHHHHHH24','7a9f9e16c2376e3fb0d199e95ca32423',1,1,0,1600160671,1600160671,NULL),(523,'ZHOUHHHHHHZHOUHHHHHHZHOUHHHHHH25','978a94fe19856cdc1c8d1f3759544f3f',1,1,0,1600160671,1600160671,NULL),(524,'ZHOUHHHHHHZHOUHHHHHHZHOUHHHHHH22','1432a2e385db63e6066dc47291fcceb9',1,1,0,1600160671,1600160671,NULL),(525,'ZHOUHHHHHHZHOUHHHHHHZHOUHHHHHH23','3bd382d7762d111572c89129c7208fba',1,1,0,1600160671,1600160671,NULL),(526,'ZHOUHHHHHHZHOUHHHHHHZHOUHHHHHH17','e9df7d3d89f01e2b52cf9477d0e5e98f',1,1,0,1600160671,1600160671,NULL),(527,'ZHOUHHHHHHZHOUHHHHHHZHOUHHHHHH18','459b0c3c16286a07e994a7a7ad7e39af',1,1,0,1600160671,1600160671,NULL),(528,'ZHOUHHHHHHZHOUHHHHHHZHOUHHHHHH15','07477567ed4971e7f5559beabe55ce68',1,1,0,1600160671,1600160671,NULL),(529,'ZHOUHHHHHHZHOUHHHHHHZHOUHHHHHH16','3a2efd1af8444d52ef65754b3c384f7b',1,1,0,1600160671,1600160671,NULL),(530,'ZHOUHHHHHHZHOUHHHHHHZHOUHHHHHH19','891c2a85407e32c6dcc3330910358f5f',1,1,0,1600160671,1600160671,NULL),(531,'PBI_TEST','0b045fe5b6cf6cff61a3e810f51c609d',1,1,0,1600160671,1600160671,NULL),(532,'ZHOUHHHHHHZHOUHHHHHHZHOUHHHHHH600','d0be3af07a19bb7dbe69b524a436c828',1,1,0,1600160671,1600160671,NULL),(533,'ZHOUHHHHHHZHOUHHHHHHZHOUHHHHHH601','7c15ca298bae7f0d552ec1650bef1ed3',1,1,0,1600160671,1600160671,NULL),(534,'ZHOUHHHHHHZHOUHHHHHHZHOUHHHHHH604','fed45162cb3e29ca084cb42786537b4b',1,1,0,1600160671,1600160671,NULL),(535,'ZHOUHHHHHHZHOUHHHHHHZHOUHHHHHH605','b7743edaff3019c18aea00b311bc15ca',1,1,0,1600160671,1600160671,NULL),(536,'ZHOUHHHHHHZHOUHHHHHHZHOUHHHHHH602','62528ce447565e6b535910598fb8c1d6',1,1,0,1600160671,1600160671,NULL),(537,'ZHOUHHHHHHZHOUHHHHHHZHOUHHHHHH603','1c223e3fb407cc85f707597b97f2c2bf',1,1,0,1600160671,1600160671,NULL),(538,'ZHOUHHHHHHZHOUHHHHHHZHOUHHHHHH10','db18fccf2ee572017eed2a3551e0a518',1,1,0,1600160671,1600160671,NULL),(539,'ALFIE_TEST','18b9cb394ad85367005c50de76be0694',1,1,0,1600160671,1600160671,NULL),(540,'ZHOUHHHHHHZHOUHHHHHHZHOUHHHHHH13','e6b6785f639c72122cd51bb71f317e23',1,1,0,1600160671,1600160671,NULL),(541,'ZHOUHHHHHHZHOUHHHHHHZHOUHHHHHH14','98aac70214406def774055ef31bd692b',1,1,0,1600160671,1600160671,NULL),(542,'ZHOUHHHHHHZHOUHHHHHHZHOUHHHHHH11','8e58a5ac6b5d7927acf00bbbc872052a',1,1,0,1600160671,1600160671,NULL),(543,'ZHOUHHHHHHZHOUHHHHHHZHOUHHHHHH12','bcfc854f30654538cbc35199ecb00895',1,1,0,1600160671,1600160671,NULL),(544,'TEST','b3ed7eaabcb76eaeaf578554344aeedc',1,1,0,1600160671,1600160671,NULL),(545,'XU2','798f0b81850cf497a453aea3a293223c',1,1,0,1600160671,1600160671,NULL),(546,'XU3','165944e7603b07c2c892710ee418e4e2',1,1,0,1600160671,1600160671,NULL),(547,'SH_1','61a6de0fff06e26adf93b82839b7dc12',1,1,0,1600160671,1600160671,NULL),(548,'SH_4','2938ad6b175bca54d58c636d21eebc53',1,1,0,1600160671,1600160671,NULL),(549,'SH_2','df655c323fd7ffe54b80499cdd4b7b13',1,1,0,1600160671,1600160671,NULL),(550,'SH_3','764fb0daddda4ce00912f89c397552c6',1,1,0,1600160671,1600160671,NULL),(551,'ZHOUHHHHHHZHOUHHHHHHZHOUHHHHHH60','421b6e57ef5bd48872d02516d18e6226',1,1,0,1600160671,1600160671,NULL),(552,'ZHOUHHHHHHZHOUHHHHHHZHOUHHHHHH61','064d141784b1e06b5e8bfa211dda0e4d',1,1,0,1600160671,1600160671,NULL),(553,'XU_TEST','92db8172204f49721c440ad0d14e365a',1,1,0,1600160671,1600160671,NULL),(554,'ZHOUHHHHHHZHOUHHHHHHZHOUHHHHHH64','ea8d3a5ba2b2309bb74643875cdd233c',1,1,0,1600160671,1600160671,NULL),(555,'ZHOUHHHHHHZHOUHHHHHHZHOUHHHHHH65','008a3d26b6cd36424d22d02b2fc31244',1,1,0,1600160671,1600160671,NULL),(556,'ZHOUHHHHHHZHOUHHHHHHZHOUHHHHHH62','5b5da43f1f54e03d67aaef7e9aeb7da3',1,1,0,1600160671,1600160671,NULL),(557,'ZHOUHHHHHHZHOUHHHHHHZHOUHHHHHH63','53bec26faf92c44935bf8c86a2b07d9e',1,1,0,1600160671,1600160671,NULL),(558,'ZHOUHHHHHHZHOUHHHHHHZHOUHHHHHH68','acee054b4e360597d7d826f4b024078b',1,1,0,1600160671,1600160671,NULL),(559,'ZHOUHHHHHHZHOUHHHHHHZHOUHHHHHH69','cd0af945c5c4a988def36f4fc25973b4',1,1,0,1600160671,1600160671,NULL),(560,'ZHOUHHHHHHZHOUHHHHHHZHOUHHHHHH66','14cf65ff85191d055a70bf2099f210e4',1,1,0,1600160671,1600160671,NULL),(561,'ZHOUHHHHHHZHOUHHHHHHZHOUHHHHHH67','728b06c36895d7438ffda63239e04c54',1,1,0,1600160671,1600160671,NULL),(562,'ZHOUHHHHHHZHOUHHHHHHZHOUHHHHHH59','64c982d730871453574c1eb2d7e07e33',1,1,0,1600160671,1600160671,NULL),(563,'ZHOUHHHHHHZHOUHHHHHHZHOUHHHHHH50','3c2dae92d48a748a9efae802291ee160',1,1,0,1600160671,1600160671,NULL),(564,'ZHOUHHHHHHZHOUHHHHHHZHOUHHHHHH53','e9ba5243894b895eb7d260fd2d0d1b78',1,1,0,1600160671,1600160671,NULL),(565,'ZHOUHHHHHHZHOUHHHHHHZHOUHHHHHH54','c1b719db15f001f615be799795826d5d',1,1,0,1600160671,1600160671,NULL),(566,'ZHOUHHHHHHZHOUHHHHHHZHOUHHHHHH51','a32b7ad2febd5f302d0681c89883838e',1,1,0,1600160671,1600160671,NULL),(567,'ZHOUHHHHHHZHOUHHHHHHZHOUHHHHHH52','cf3ac09d95513f40c2c33f5c4d5d5082',1,1,0,1600160671,1600160671,NULL),(568,'ZHOUHHHHHHZHOUHHHHHHZHOUHHHHHH57','2b95d4fc65700c16f320dc58671d9936',1,1,0,1600160671,1600160671,NULL),(569,'ZHOUHHHHHHZHOUHHHHHHZHOUHHHHHH58','2f79256aed50762bdeac7e298aaaf857',1,1,0,1600160671,1600160671,NULL),(570,'ZHOUHHHHHHZHOUHHHHHHZHOUHHHHHH55','4784a669afdd89d39b129c9a58906ce2',1,1,0,1600160671,1600160671,NULL),(571,'ZHOUHHHHHHZHOUHHHHHHZHOUHHHHHH56','ab384285e0e6f1de1749d151c45cc0f8',1,1,0,1600160671,1600160671,NULL),(572,'ZHOUHHHHHHZHOUHHHHHHZHOUHHHHHH48','db985d494f929e789a4a60d332d4c78e',1,1,0,1600160671,1600160671,NULL),(573,'ZHOUHHHHHHZHOUHHHHHHZHOUHHHHHH49','51aee9b3ce7ef3d5e498f4af73f417e0',1,1,0,1600160671,1600160671,NULL),(574,'ZHOUHHHHHHZHOUHHHHHHZHOUHHHHHH42','36a7391bb6a1105e28869c5a507ba3bf',1,1,0,1600160671,1600160671,NULL),(575,'ZHOUHHHHHHZHOUHHHHHHZHOUHHHHHH43','5d9e2128124d22b00f71e36ae1657419',1,1,0,1600160671,1600160671,NULL),(576,'ZHOUHHHHHHZHOUHHHHHHZHOUHHHHHH40','5af513e2dce4e2aed937e34745ce2c14',1,1,0,1600160671,1600160671,NULL),(577,'ZHOUHHHHHHZHOUHHHHHHZHOUHHHHHH41','cbb768458395a15c75332b13a3ae084a',1,1,0,1600160671,1600160671,NULL),(578,'ZHOUHHHHHHZHOUHHHHHHZHOUHHHHHH46','cca28215edbd637e46d2ee6ff9251487',1,1,0,1600160671,1600160671,NULL),(579,'ZHOUHHHHHHZHOUHHHHHHZHOUHHHHHH47','9adaa59a9ac0528a05fbf8a2e79ab3f8',1,1,0,1600160671,1600160671,NULL),(580,'ZHOUHHHHHHZHOUHHHHHHZHOUHHHHHH44','7bc43bde08bb8a677b0c08950066f4bf',1,1,0,1600160671,1600160671,NULL),(581,'ZHOUHHHHHHZHOUHHHHHHZHOUHHHHHH45','74690060859b14801c54ffa9576a94da',1,1,0,1600160671,1600160671,NULL),(582,'ZHOUHHHHHHZHOUHHHHHHZHOUHHHHHH39','70a5a13240691b5745d6c0c6126f922e',1,1,0,1600160671,1600160671,NULL),(583,'ZHOUHHHHHHZHOUHHHHHHZHOUHHHHHH37','da603f9eed7257b3920c1e025fff3424',1,1,0,1600160671,1600160671,NULL),(584,'ZHOUHHHHHHZHOUHHHHHHZHOUHHHHHH38','f55d28999cf08a18f57d8a81d9aa2437',1,1,0,1600160671,1600160671,NULL),(585,'ZHOUHHHHHHZHOUHHHHHHZHOUHHHHHH31','78779d7e0a5b622b72df6188aeca61c8',1,1,0,1600160671,1600160671,NULL),(586,'ZHOUHHHHHHZHOUHHHHHHZHOUHHHHHH32','ae69173329ef02d50dc5d101db11c2f8',1,1,0,1600160671,1600160671,NULL),(587,'ZHOUHHHHHHZHOUHHHHHHZHOUHHHHHH30','16bf89b398c245dac8a87f213abd9980',1,1,0,1600160671,1600160671,NULL),(588,'ZHOUHHHHHHZHOUHHHHHHZHOUHHHHHH35','7789e1348e80dd719db08b169481afeb',1,1,0,1600160671,1600160671,NULL),(589,'ZHOUHHHHHHZHOUHHHHHHZHOUHHHHHH36','835d625552a33183b8a862b047591eb4',1,1,0,1600160671,1600160671,NULL),(590,'ZHOUHHHHHHZHOUHHHHHHZHOUHHHHHH33','9845bd3efa7e23ce0e98195e5f1f3d81',1,1,0,1600160671,1600160671,NULL),(591,'ZHOUHHHHHHZHOUHHHHHHZHOUHHHHHH34','d5081b2a6ce7c9bf7486ecb1f5839dbe',1,1,0,1600160671,1600160671,NULL),(592,'ZHOUHHHHHHZHOUHHHHHHZHOUHHHHHH28','f8daec3221d87d566462e217a65b34ec',1,1,0,1600160671,1600160671,NULL),(593,'ZHOUHHHHHHZHOUHHHHHHZHOUHHHHHH29','8b2583a257a210b921e7982ab382b231',1,1,0,1600160671,1600160671,NULL),(594,'ZHOUHHHHHHZHOUHHHHHHZHOUHHHHHH26','f6a8bd618a1655737c6be05d6227ac2d',1,1,0,1600160671,1600160671,NULL),(595,'ZHOUHHHHHHZHOUHHHHHHZHOUHHHHHH27','97b0a4be62de9c48eaca887d7f69d623',1,1,0,1600160671,1600160671,NULL),(596,'ZHOUHHHHHHZHOUHHHHHHZHOUHHHHHH90','b841862816fdedbc6305bd07f0dac8b1',1,1,0,1600160671,1600160671,NULL),(597,'ZHOUHHHHHHZHOUHHHHHHZHOUHHHHHH93','802db6693336e9bb83c8870f4bf26306',1,1,0,1600160671,1600160671,NULL),(598,'ZHOUHHHHHHZHOUHHHHHHZHOUHHHHHH94','a7102698c0d38e77d1fc0e1503b0d348',1,1,0,1600160671,1600160671,NULL),(599,'ZHOUHHHHHHZHOUHHHHHHZHOUHHHHHH91','7dfa6e07135a412b19a7089c0d4fe300',1,1,0,1600160671,1600160671,NULL),(600,'ZHOUHHHHHHZHOUHHHHHHZHOUHHHHHH92','e122f1a7241c0c1057617a8e91ba5923',1,1,0,1600160671,1600160671,NULL),(601,'ZHOUHHHHHHZHOUHHHHHHZHOUHHHHHH97','755033dc74fc66ba6d92b077e96efadf',1,1,0,1600160671,1600160671,NULL),(602,'ZHOUHHHHHHZHOUHHHHHHZHOUHHHHHH98','ad89de917ae69e6eb002503229f643a7',1,1,0,1600160671,1600160671,NULL),(603,'ZHOUHHHHHHZHOUHHHHHHZHOUHHHHHH95','3f0747bf6876153569b1fe936b9c6f5d',1,1,0,1600160671,1600160671,NULL),(604,'ZHOUHHHHHHZHOUHHHHHHZHOUHHHHHH96','c1932677cc5233fa203aa6370663328e',1,1,0,1600160671,1600160671,NULL),(605,'ZHOUHHHHHHZHOUHHHHHHZHOUHHHHHH99','cdc97cbb0e5bfe551cc4d23a9585e680',1,1,0,1600160671,1600160671,NULL),(606,'ZHOU_W','ab7d0320151043336d3430927e302929',1,1,0,1600160671,1600160671,NULL),(607,'ZHOUHHHHHHZHOUHHHHHHZHOUHHHHHH82','983634abeef63bbc9226947fb1844d52',1,1,0,1600160671,1600160671,NULL),(608,'ZHOUHHHHHHZHOUHHHHHHZHOUHHHHHH83','3234c9cbe6703cab5c2451129e2c67be',1,1,0,1600160671,1600160671,NULL),(609,'ZHOUHHHHHHZHOUHHHHHHZHOUHHHHHH80','83e2a70e777326c69c08fdc2fccb1462',1,1,0,1600160671,1600160671,NULL),(610,'ZHOUHHHHHHZHOUHHHHHHZHOUHHHHHH81','90c06717714d7bb0601fb2ded4b552ac',1,1,0,1600160671,1600160671,NULL),(611,'ZHOUHHHHHHZHOUHHHHHHZHOUHHHHHH86','786e99758dba49aa56142a3cdc3e96ad',1,1,0,1600160671,1600160671,NULL),(612,'ZHOU_Q','5e5070cc7c6bd8146f69c18a3b41d52b',1,1,0,1600160671,1600160671,NULL),(613,'ZHOUHHHHHHZHOUHHHHHHZHOUHHHHHH87','c387e53f22ab6af2e5cb978c30d46cb8',1,1,0,1600160671,1600160671,NULL),(614,'ZHOU_P','9cc1024d68524616c4b8191a01c3a914',1,1,0,1600160671,1600160671,NULL),(615,'ZHOUHHHHHHZHOUHHHHHHZHOUHHHHHH84','71674417b2eaf2a5226a931043538b3d',1,1,0,1600160671,1600160671,NULL),(616,'ZHOU_O','f7ef2e50287774c06a0a9a9966b1a3e8',1,1,0,1600160671,1600160671,NULL),(617,'ZHOUHHHHHHZHOUHHHHHHZHOUHHHHHH85','3a84d1ded017503fb1d42a101645c8a1',1,1,0,1600160671,1600160671,NULL),(618,'ZHOU_M','d519cfa9ef42e13125026d91abc1d818',1,1,0,1600160671,1600160671,NULL),(619,'ZHOUHHHHHHZHOUHHHHHHZHOUHHHHHH88','f677c1243e1619abc203c03cb94ff9b6',1,1,0,1600160671,1600160671,NULL),(620,'ZHOUHHHHHHZHOUHHHHHHZHOUHHHHHH89','184ecfc98a700e1f0d15be3dc5f5db41',1,1,0,1600160671,1600160671,NULL),(621,'ZHOUHHHHHHZHOUHHHHHHZHOUHHHHHH71','754bfec497ef8bc12a9d28f41f132d17',1,1,0,1600160671,1600160671,NULL),(622,'ZHOUHHHHHHZHOUHHHHHHZHOUHHHHHH72','284b5c536d94e73a1df58c69fae7ac06',1,1,0,1600160671,1600160671,NULL),(623,'ZHOUHHHHHHZHOUHHHHHHZHOUHHHHHH70','4acc0f45f1a050970d0c314908abf4d7',1,1,0,1600160671,1600160671,NULL),(624,'ZHOUHHHHHHZHOUHHHHHHZHOUHHHHHH75','76eb66e30bf0952c75fd933837468474',1,1,0,1600160671,1600160671,NULL),(625,'ZHOUHHHHHHZHOUHHHHHHZHOUHHHHHH76','007007c9b61f3089279424b5a60c6414',1,1,0,1600160671,1600160671,NULL),(626,'ZHOUHHHHHHZHOUHHHHHHZHOUHHHHHH73','a662c69ab19f38464ab41016c4afa3bc',1,1,0,1600160671,1600160671,NULL),(627,'ZHOUHHHHHHZHOUHHHHHHZHOUHHHHHH74','9faa2a052325457e9ea6cba428f535eb',1,1,0,1600160671,1600160671,NULL),(628,'ZHOUHHHHHHZHOUHHHHHHZHOUHHHHHH79','ab816b36f7f1b2bc2f94758b1982659d',1,1,0,1600160671,1600160671,NULL),(629,'ZHOUHHHHHHZHOUHHHHHHZHOUHHHHHH77','b66e8367ff6a4cfb8d56bced45a24ccf',1,1,0,1600160671,1600160671,NULL),(630,'ZHOUHHHHHHZHOUHHHHHHZHOUHHHHHH78','13ca08369a2cabae5d370ba2d394c3af',1,1,0,1600160671,1600160671,NULL),(631,'SSB_QUERY','6330b5c7dd2fe9cf3d4884a62798c233',1,1,0,1600160671,1600160671,NULL),(632,'TABLEAU','b1cf607c5fecdde8f4083f701957f804',1,1,0,1600160671,1600160671,NULL),(633,'WANGHUI','457518335c44d04506a6ad5019a01269',1,1,0,1600160671,1600160671,NULL),(634,'ZHOUHHHHHHZHOUHHHHHHZHOUHHHHHH290','818a928871ca3492224ddac45553d921',1,1,0,1600160671,1600160671,NULL),(635,'ZHOUHHHHHHZHOUHHHHHHZHOUHHHHHH292','fc899c356abf59fba6e1240aa767fb6f',1,1,0,1600160671,1600160671,NULL),(636,'ZHOUHHHHHHZHOUHHHHHHZHOUHHHHHH291','d4a958a6fdfce51fad47b016cb9a349d',1,1,0,1600160671,1600160671,NULL),(637,'ZHOUHHHHHHZHOUHHHHHHZHOUHHHHHH294','dca97d99c1029f008d1f8d3afd29543f',1,1,0,1600160671,1600160671,NULL),(638,'ZHOUHHHHHHZHOUHHHHHHZHOUHHHHHH293','85d63d29a16c6af1af3f300a328d16e7',1,1,0,1600160671,1600160671,NULL),(639,'ZHOUHHHHHHZHOUHHHHHHZHOUHHHHHH296','72a414a377c6f2f28755669db5ab94be',1,1,0,1600160671,1600160671,NULL),(640,'ZHOUHHHHHHZHOUHHHHHHZHOUHHHHHH295','b559b914b9b23f6f22b7fefd4b63ae13',1,1,0,1600160671,1600160671,NULL),(641,'ZHOUHHHHHHZHOUHHHHHHZHOUHHHHHH298','b482f105288b96d8001fd35d99069087',1,1,0,1600160671,1600160671,NULL),(642,'ZHOUHHHHHHZHOUHHHHHHZHOUHHHHHH297','215aae6eedbd27478723445d1f166fdb',1,1,0,1600160671,1600160671,NULL),(643,'ZHOUHHHHHHZHOUHHHHHHZHOUHHHHHH299','7a3551431bf8ea4338180bd45c55dedc',1,1,0,1600160671,1600160671,NULL),(644,'ZHOUHHHHHHZHOUHHHHHHZHOUHHHHHH281','ba3799a6093ecc5f8cc83ab7bc4522d9',1,1,0,1600160671,1600160671,NULL),(645,'ZHOUHHHHHHZHOUHHHHHHZHOUHHHHHH280','ff464aaf343211c79012f527fdb4dd2c',1,1,0,1600160671,1600160671,NULL),(646,'Y200','99ba66bf5980677a4859a46303b4dd21',1,1,0,1600160671,1600160671,NULL),(647,'ZHOUHHHHHHZHOUHHHHHHZHOUHHHHHH283','560d7ca7a553b175c2d590e88d9314e6',1,1,0,1600160671,1600160671,NULL),(648,'ZHOUHHHHHHZHOUHHHHHHZHOUHHHHHH282','10d981032cf30b9095e7a351d004749a',1,1,0,1600160671,1600160671,NULL),(649,'ZHOUHHHHHHZHOUHHHHHHZHOUHHHHHH285','481dd9494f92f4ca77b5c41a9426ffb7',1,1,0,1600160671,1600160671,NULL),(650,'ZHOUHHHHHHZHOUHHHHHHZHOUHHHHHH284','b47b6b30900975a305ed5b60509c9db2',1,1,0,1600160671,1600160671,NULL),(651,'ZHOUHHHHHHZHOUHHHHHHZHOUHHHHHH287','b625a596a923ddcedf71a4ad3d64e85b',1,1,0,1600160671,1600160671,NULL),(652,'ZHOUHHHHHHZHOUHHHHHHZHOUHHHHHH286','30f0c1d5c2eb77447407a820efa11cf1',1,1,0,1600160671,1600160671,NULL),(653,'ZHOUHHHHHHZHOUHHHHHHZHOUHHHHHH289','fff2f99b6a7fb3766230a73ce0c1c588',1,1,0,1600160671,1600160671,NULL),(654,'ZHOUHHHHHHZHOUHHHHHHZHOUHHHHHH288','20bf223f3bb63cb7a796288cfe228c17',1,1,0,1600160671,1600160671,NULL),(655,'ZHOUHHHHHHZHOUHHHHHHZHOUHHHHHH270','e2d964cba195eb17649a50981e5c458b',1,1,0,1600160671,1600160671,NULL),(656,'ZHOUHHHHHHZHOUHHHHHHZHOUHHHHHH272','94b2211e9e87228086bd4ffdb2b34390',1,1,0,1600160671,1600160671,NULL),(657,'ZHOUHHHHHHZHOUHHHHHHZHOUHHHHHH271','cde570f8f035a85586ca6a79e9a90619',1,1,0,1600160671,1600160671,NULL),(658,'ZHOUHHHHHHZHOUHHHHHHZHOUHHHHHH274','880cb65402925db239b7886e1b35b5b8',1,1,0,1600160671,1600160671,NULL),(659,'ZHOUHHHHHHZHOUHHHHHHZHOUHHHHHH273','fc1f399cac84bd588f1fb6cd03d56419',1,1,0,1600160671,1600160671,NULL),(660,'ZHOUHHHHHHZHOUHHHHHHZHOUHHHHHH276','3336848d3e470fa8f05e3b5501b2eec6',1,1,0,1600160671,1600160671,NULL),(661,'ZHOUHHHHHHZHOUHHHHHHZHOUHHHHHH275','fea7f6e39e7846fbf508cf6b87583713',1,1,0,1600160671,1600160671,NULL),(662,'ZHOUHHHHHHZHOUHHHHHHZHOUHHHHHH278','bf8491ee79cac03a21cd7f64a1465bf3',1,1,0,1600160671,1600160671,NULL),(663,'ZHOUHHHHHHZHOUHHHHHHZHOUHHHHHH277','7267bdb9b389a95b3e7167c10d92c1d2',1,1,0,1600160671,1600160671,NULL),(664,'ZHOUHHHHHHZHOUHHHHHHZHOUHHHHHH279','d003f91997de2eedeaf91870c142c0af',1,1,0,1600160671,1600160671,NULL),(665,'ZHOUHHHHHHZHOUHHHHHHZHOUHHHHHH261','f98a54399863740f28084b9c9da91fda',1,1,0,1600160671,1600160671,NULL),(666,'ZHOUHHHHHHZHOUHHHHHHZHOUHHHHHH260','7ddde171485419c94ea99107f8c6eb8a',1,1,0,1600160671,1600160671,NULL),(667,'ZHOUHHHHHHZHOUHHHHHHZHOUHHHHHH263','a79abe9e42c3e66b8bfb92440301c415',1,1,0,1600160671,1600160671,NULL),(668,'ZHOUHHHHHHZHOUHHHHHHZHOUHHHHHH262','9622122d274433af81266347aa243cb6',1,1,0,1600160671,1600160671,NULL),(669,'ZHOUHHHHHHZHOUHHHHHHZHOUHHHHHH265','87b2ae8d46e4e0eda83737a6208f7f28',1,1,0,1600160671,1600160671,NULL),(670,'ZHOUHHHHHHZHOUHHHHHHZHOUHHHHHH264','b70bc5cfd4a2ff1adcf96b4c9c396c13',1,1,0,1600160671,1600160671,NULL),(671,'ZHOUHHHHHHZHOUHHHHHHZHOUHHHHHH267','4153222ceded0441bb3aa6f576cd3367',1,1,0,1600160671,1600160671,NULL),(672,'ZHOUHHHHHHZHOUHHHHHHZHOUHHHHHH266','d8271ae7c0be6bb8575baf3ee464542a',1,1,0,1600160671,1600160671,NULL),(673,'ZHOUHHHHHHZHOUHHHHHHZHOUHHHHHH269','ff53a22a6ed0a04c688f385b0732a34f',1,1,0,1600160671,1600160671,NULL),(674,'ZHOUHHHHHHZHOUHHHHHHZHOUHHHHHH268','2876269eb44799d2d69d79719f3d1e64',1,1,0,1600160671,1600160671,NULL),(675,'CCD_USER','8dce70541a87692368c2e9b1ab5222a7',1,1,0,1600160671,1600160671,NULL),(676,'ZHOUHHHHHHZHOUHHHHHHZHOUHHHHHH490','421673ba241c550e726fb993398ff1d1',1,1,0,1600160671,1600160671,NULL),(677,'ZHOUHHHHHHZHOUHHHHHHZHOUHHHHHH250','dac08dd078e95fe45b2f8be8d70c6e28',1,1,0,1600160671,1600160671,NULL),(678,'ZHOUHHHHHHZHOUHHHHHHZHOUHHHHHH493','535f16c37d5d0a4cc915ae57cb1aca2d',1,1,0,1600160671,1600160671,NULL),(679,'ZHOUHHHHHHZHOUHHHHHHZHOUHHHHHH494','c25be837b4f1596112ac3cdb603f6ad2',1,1,0,1600160671,1600160671,NULL),(680,'ZHOUHHHHHHZHOUHHHHHHZHOUHHHHHH252','c62e48af98c15123972c789cbadae6bf',1,1,0,1600160671,1600160671,NULL),(681,'ZHOUHHHHHHZHOUHHHHHHZHOUHHHHHH491','73f7bd7e9d053802dc23137a79bcb1be',1,1,0,1600160671,1600160671,NULL),(682,'ZHOUHHHHHHZHOUHHHHHHZHOUHHHHHH251','a12b30884ba934cf9f75349123a0955a',1,1,0,1600160671,1600160671,NULL),(683,'ZHOUHHHHHHZHOUHHHHHHZHOUHHHHHH492','c897e54a17e185e7b23df03e2aeefe0d',1,1,0,1600160671,1600160671,NULL),(684,'ZHOUHHHHHHZHOUHHHHHHZHOUHHHHHH254','861633631d49a6ddf53b76dc12d90b7b',1,1,0,1600160671,1600160671,NULL),(685,'ZHOUHHHHHHZHOUHHHHHHZHOUHHHHHH497','7df10afdac9a22f9eceb38b041bd4e6c',1,1,0,1600160671,1600160671,NULL),(686,'ZHOUHHHHHHZHOUHHHHHHZHOUHHHHHH253','ebe2a5c7bf574b618bfcac2a53a37a56',1,1,0,1600160671,1600160671,NULL),(687,'ZHOUHHHHHHZHOUHHHHHHZHOUHHHHHH498','f67062dfbf229a87d43f65f9c6c65ce8',1,1,0,1600160671,1600160671,NULL),(688,'ZHOUHHHHHHZHOUHHHHHHZHOUHHHHHH256','844b3b5993ce0598e605fbddbe1db34f',1,1,0,1600160671,1600160671,NULL),(689,'ZHOUHHHHHHZHOUHHHHHHZHOUHHHHHH495','e0be30a4efb1281b723af615b733b537',1,1,0,1600160671,1600160671,NULL),(690,'ZHOUHHHHHHZHOUHHHHHHZHOUHHHHHH255','2b088cff5a484ccf8aaf591ddc7b2131',1,1,0,1600160671,1600160671,NULL),(691,'ZHOUHHHHHHZHOUHHHHHHZHOUHHHHHH496','1d67d2ed5004082b25c3c79342fc926b',1,1,0,1600160671,1600160671,NULL),(692,'ZHOUHHHHHHZHOUHHHHHHZHOUHHHHHH258','ab7b34a07e1c39b814dd261c917015a1',1,1,0,1600160671,1600160671,NULL),(693,'ZHOUHHHHHHZHOUHHHHHHZHOUHHHHHH257','ca9edade5938a7a81a11f619bf759c72',1,1,0,1600160671,1600160671,NULL),(694,'ZHOUHHHHHHZHOUHHHHHHZHOUHHHHHH499','f43c66765e5d27dc4eb527c9678d41be',1,1,0,1600160671,1600160671,NULL),(695,'ZHOUHHHHHHZHOUHHHHHHZHOUHHHHHH259','fe9ad00496f1e2b3b3b95a6b1fba9bed',1,1,0,1600160671,1600160671,NULL),(696,'HCY_Q','c0ecdffebad99de3426b820375e03213',1,1,0,1600160671,1600160671,NULL),(697,'ZHOUHHHHHHZHOUHHHHHHZHOUHHHHHH482','ddf561183fc1884860613f33574449ef',1,1,0,1600160671,1600160671,NULL),(698,'ZHOUHHHHHHZHOUHHHHHHZHOUHHHHHH483','bbca05ce42c2b9b3241d37937bd92fa1',1,1,0,1600160671,1600160671,NULL),(699,'ZHOUHHHHHHZHOUHHHHHHZHOUHHHHHH241','53b8b76ca3ab80f8f3ee6346e7e04d45',1,1,0,1600160671,1600160671,NULL),(700,'ZHOUHHHHHHZHOUHHHHHHZHOUHHHHHH480','21cc6b06534d810c21d217d6556ff79b',1,1,0,1600160671,1600160671,NULL),(701,'ZHOUHHHHHHZHOUHHHHHHZHOUHHHHHH240','312d812fcd2ce15757177d93b7e63fbd',1,1,0,1600160671,1600160671,NULL),(702,'ZHOUHHHHHHZHOUHHHHHHZHOUHHHHHH481','8a806413b46e9bca90bc713c949a6122',1,1,0,1600160671,1600160671,NULL),(703,'ZHOUHHHHHHZHOUHHHHHHZHOUHHHHHH243','4eec16a8e8e392f37ae634db4424ba12',1,1,0,1600160671,1600160671,NULL),(704,'ZHOUHHHHHHZHOUHHHHHHZHOUHHHHHH486','699016f500f1b233bea19c8efe5fedc8',1,1,0,1600160671,1600160671,NULL),(705,'ZHOUHHHHHHZHOUHHHHHHZHOUHHHHHH242','70617d83c406a6b6daff30c606cbc030',1,1,0,1600160671,1600160671,NULL),(706,'ZHOUHHHHHHZHOUHHHHHHZHOUHHHHHH487','1844c25298d5ee3f5dba935dc486d7db',1,1,0,1600160671,1600160671,NULL),(707,'ZHOUHHHHHHZHOUHHHHHHZHOUHHHHHH245','86e8da804ea209e1d8159357823f5188',1,1,0,1600160671,1600160671,NULL),(708,'ZHOUHHHHHHZHOUHHHHHHZHOUHHHHHH484','d18227770c23bddc3bbc10a0bd3881d0',1,1,0,1600160671,1600160671,NULL),(709,'ZHOUHHHHHHZHOUHHHHHHZHOUHHHHHH244','aa754fdf88aba815180943c595677a2a',1,1,0,1600160671,1600160671,NULL),(710,'ZHOUHHHHHHZHOUHHHHHHZHOUHHHHHH485','0dcff3ff87615f70a788dc52d42bf804',1,1,0,1600160671,1600160671,NULL),(711,'HCY_O','a6572b1bf0c024e0d92ce49aaba1a194',1,1,0,1600160671,1600160671,NULL),(712,'ZHOUHHHHHHZHOUHHHHHHZHOUHHHHHH247','794988a495ac85f1a1b1b0765799180c',1,1,0,1600160671,1600160671,NULL),(713,'ZHOUHHHHHHZHOUHHHHHHZHOUHHHHHH246','97a06b2bdd8bf2727653d9275c766570',1,1,0,1600160671,1600160671,NULL),(714,'HCY_M','a91fa47a89a5267b20c8060a86767f97',1,1,0,1600160671,1600160671,NULL),(715,'ZHOUHHHHHHZHOUHHHHHHZHOUHHHHHH249','ac85906f7ef5b2d3ad9b4e4636594169',1,1,0,1600160671,1600160671,NULL),(716,'ZHOUHHHHHHZHOUHHHHHHZHOUHHHHHH488','4861bb2708eff1f6ceddb35f2af00238',1,1,0,1600160671,1600160671,NULL),(717,'ZHOUHHHHHHZHOUHHHHHHZHOUHHHHHH248','f62aa4ab4c0383ba2ff7dda3985dfef5',1,1,0,1600160671,1600160671,NULL),(718,'ZHOUHHHHHHZHOUHHHHHHZHOUHHHHHH489','28659592114fb34428b515f13895a1e4',1,1,0,1600160671,1600160671,NULL),(719,'ZHOUHHHHHHZHOUHHHHHHZHOUHHHHHH471','8b7e3945fb697b9cff86484e9f6c0a93',1,1,0,1600160671,1600160671,NULL),(720,'ZHOUHHHHHHZHOUHHHHHHZHOUHHHHHH472','ad7c11f50f50bea311ffad262740dc8f',1,1,0,1600160671,1600160671,NULL),(721,'ZHOUHHHHHHZHOUHHHHHHZHOUHHHHHH230','76a4d24dd690bd91ee98e3ff62925eb8',1,1,0,1600160671,1600160671,NULL),(722,'ZHOUHHHHHHZHOUHHHHHHZHOUHHHHHH470','cb14a3494117c8e16f3d3ec8a0e65272',1,1,0,1600160671,1600160671,NULL),(723,'ZHOUHHHHHHZHOUHHHHHHZHOUHHHHHH232','bb2c88a4a8f78f80ef424bb3bf191c11',1,1,0,1600160671,1600160671,NULL),(724,'ZHOUHHHHHHZHOUHHHHHHZHOUHHHHHH475','b0097bc63e1ec54ce038b2bdf4fc2ab8',1,1,0,1600160671,1600160671,NULL),(725,'ZHOUHHHHHHZHOUHHHHHHZHOUHHHHHH231','3d7b6c0820a5bbef149c84b25cb1fed3',1,1,0,1600160671,1600160671,NULL),(726,'ZHOUHHHHHHZHOUHHHHHHZHOUHHHHHH476','3e4f51025c16ec7a42a112ba8c5ab333',1,1,0,1600160671,1600160671,NULL),(727,'ZHOUHHHHHHZHOUHHHHHHZHOUHHHHHH234','e139d9867303980ee549101e6327dbb3',1,1,0,1600160671,1600160671,NULL),(728,'ZHOUHHHHHHZHOUHHHHHHZHOUHHHHHH473','6529127d4b9414cfe2d8096599a2bc27',1,1,0,1600160671,1600160671,NULL),(729,'ZHOUHHHHHHZHOUHHHHHHZHOUHHHHHH233','c9329854785d39471ab0fbed4980abf6',1,1,0,1600160671,1600160671,NULL),(730,'ZHOUHHHHHHZHOUHHHHHHZHOUHHHHHH474','78902d9cb249875d87f5dcf91d3646e3',1,1,0,1600160671,1600160671,NULL),(731,'ZHOUHHHHHHZHOUHHHHHHZHOUHHHHHH236','2c572a3d7054d1fe6a54d3ffc9bcbe32',1,1,0,1600160671,1600160671,NULL),(732,'ZHOUHHHHHHZHOUHHHHHHZHOUHHHHHH479','873ae59e69ce2bf3809c695d7ea2bda8',1,1,0,1600160671,1600160671,NULL),(733,'ZHOUHHHHHHZHOUHHHHHHZHOUHHHHHH235','5b0fb39de4ae4fb1cc8cd7b63011cb83',1,1,0,1600160671,1600160671,NULL),(734,'ZHOUHHHHHHZHOUHHHHHHZHOUHHHHHH238','ec91005991457d63faa41cc88815e7ab',1,1,0,1600160671,1600160671,NULL),(735,'ZHOUHHHHHHZHOUHHHHHHZHOUHHHHHH477','36914f335fd00a85c53394eb54574f65',1,1,0,1600160671,1600160671,NULL),(736,'ZHOUHHHHHHZHOUHHHHHHZHOUHHHHHH237','838eb72feb9bbe52cf6285d702a4a601',1,1,0,1600160671,1600160671,NULL),(737,'ZHOUHHHHHHZHOUHHHHHHZHOUHHHHHH478','c5522e695040f405578f5ba2f0c4e665',1,1,0,1600160671,1600160671,NULL),(738,'ZHOUHHHHHHZHOUHHHHHHZHOUHHHHHH239','5a483c8510496047953827c818d9118a',1,1,0,1600160671,1600160671,NULL),(739,'ZHOUHHHHHHZHOUHHHHHHZHOUHHHHHH460','0c084d7145eda8c574b6ac1b6a8475da',1,1,0,1600160671,1600160671,NULL),(740,'ZHOUHHHHHHZHOUHHHHHHZHOUHHHHHH461','30b8113cad556673a286897dc545ed8b',1,1,0,1600160671,1600160671,NULL),(741,'ZHOUHHHHHHZHOUHHHHHHZHOUHHHHHH221','d9d146b0571c179ff3fe942083d579ff',1,1,0,1600160671,1600160671,NULL),(742,'ZHOUHHHHHHZHOUHHHHHHZHOUHHHHHH464','0d680341673daaa87790d18baed38e6e',1,1,0,1600160671,1600160671,NULL),(743,'ZHOUHHHHHHZHOUHHHHHHZHOUHHHHHH220','bb1f5b758b18109390e5065deedd7b2a',1,1,0,1600160671,1600160671,NULL),(744,'ZHOUHHHHHHZHOUHHHHHHZHOUHHHHHH465','cb750562c2060970016802a761a9f838',1,1,0,1600160671,1600160671,NULL),(745,'ZHOUHHHHHHZHOUHHHHHHZHOUHHHHHH223','0821231627e075696a95bd7ce9ac9f74',1,1,0,1600160671,1600160671,NULL),(746,'ZHOUHHHHHHZHOUHHHHHHZHOUHHHHHH462','05c6d0b5c3e8f8419f25287d284d6392',1,1,0,1600160671,1600160671,NULL),(747,'ZHOUHHHHHHZHOUHHHHHHZHOUHHHHHH222','d4c1f5b6225901f619cf2e48c0b9bfe6',1,1,0,1600160671,1600160671,NULL),(748,'ZHOUHHHHHHZHOUHHHHHHZHOUHHHHHH463','0ca51ea4fc04c953d0610dcbe1d0918b',1,1,0,1600160671,1600160671,NULL),(749,'ZHOUHHHHHHZHOUHHHHHHZHOUHHHHHH225','59a957199ef288847c148906b245c74d',1,1,0,1600160671,1600160671,NULL),(750,'ZHOUHHHHHHZHOUHHHHHHZHOUHHHHHH468','091b8bfcc0b16b54f13eb41be0cf70f4',1,1,0,1600160671,1600160671,NULL),(751,'ZHOUHHHHHHZHOUHHHHHHZHOUHHHHHH224','4579d35a4bda1c26f889dfb2ae33e696',1,1,0,1600160671,1600160671,NULL),(752,'ZHOUHHHHHHZHOUHHHHHHZHOUHHHHHH469','a49e126f53185f63f37cda94915afb44',1,1,0,1600160671,1600160671,NULL),(753,'ZHOUHHHHHHZHOUHHHHHHZHOUHHHHHH227','ab5155b2d268ccc2abe46f44eccc1cf6',1,1,0,1600160671,1600160671,NULL),(754,'ZHOUHHHHHHZHOUHHHHHHZHOUHHHHHH466','7ba8713ace5ea633393cdb4ad2194635',1,1,0,1600160671,1600160671,NULL),(755,'ZHOUHHHHHHZHOUHHHHHHZHOUHHHHHH226','d702add712c38c76165dbd27d5a4b8ce',1,1,0,1600160671,1600160671,NULL),(756,'ZHOUHHHHHHZHOUHHHHHHZHOUHHHHHH467','fbab3c8bc79b3f2283c1be89a189225c',1,1,0,1600160671,1600160671,NULL),(757,'ROGER2','ed52b59c7514af1aa8edffeeeebdfae8',1,1,0,1600160671,1600160671,NULL),(758,'ZHOUHHHHHHZHOUHHHHHHZHOUHHHHHH229','5d9151687462dbb5fe39c05ec009087b',1,1,0,1600160671,1600160671,NULL),(759,'ROGER1','fdf6b6bb36a4451e7c875636658fdb45',1,1,0,1600160671,1600160671,NULL),(760,'ZHOUHHHHHHZHOUHHHHHHZHOUHHHHHH228','22261a4e5fd93a065b64eb65616cb8bc',1,1,0,1600160671,1600160671,NULL),(761,'ZHOUHHHHHHZHOUHHHHHHZHOUHHHHHH691','41fd6b8fddbb05dca1d9a7fe97344338',1,1,0,1600160671,1600160671,NULL),(762,'ZHOUHHHHHHZHOUHHHHHHZHOUHHHHHH450','de90ccddda5cca64a6607bec807acff5',1,1,0,1600160671,1600160671,NULL),(763,'ZHOUHHHHHHZHOUHHHHHHZHOUHHHHHH692','ab0e946cc4460531d0e29300a37ce012',1,1,0,1600160671,1600160671,NULL),(764,'ZHOUHHHHHHZHOUHHHHHHZHOUHHHHHH690','0b54a4b88868b261bb76bd07ba344fe1',1,1,0,1600160671,1600160671,NULL),(765,'ZHOUHHHHHHZHOUHHHHHHZHOUHHHHHH210','b34f0dc386fcbf5a81ba2e561fdd25ba',1,1,0,1600160671,1600160671,NULL),(766,'ZHOUHHHHHHZHOUHHHHHHZHOUHHHHHH453','2569bf805e77be6de77ddde993ae6a10',1,1,0,1600160671,1600160671,NULL),(767,'ZHOUHHHHHHZHOUHHHHHHZHOUHHHHHH695','49ac3750dd0f99eb57528eac62957e21',1,1,0,1600160671,1600160671,NULL),(768,'ZHOUHHHHHHZHOUHHHHHHZHOUHHHHHH454','d6e78a862737bf5e41f9a73947c0cbb1',1,1,0,1600160671,1600160671,NULL),(769,'ZHOUHHHHHHZHOUHHHHHHZHOUHHHHHH696','85a127a656beb4410af61ff43a5f1168',1,1,0,1600160671,1600160671,NULL),(770,'ZHOUHHHHHHZHOUHHHHHHZHOUHHHHHH212','6f3a54d3250e9fa3ce8959ac8ab3fc64',1,1,0,1600160671,1600160671,NULL),(771,'ZHOUHHHHHHZHOUHHHHHHZHOUHHHHHH451','8f9d6ca4cb02b136743f9835bbfe9965',1,1,0,1600160671,1600160671,NULL),(772,'ZHOUHHHHHHZHOUHHHHHHZHOUHHHHHH693','d09512371dcb76948385bfbee1cff116',1,1,0,1600160671,1600160671,NULL),(773,'ZHOUHHHHHHZHOUHHHHHHZHOUHHHHHH211','dce1d8108053264bd28b57fc586fc7eb',1,1,0,1600160671,1600160671,NULL),(774,'ZHOUHHHHHHZHOUHHHHHHZHOUHHHHHH452','d21e02523bde3f70444d846cc3ec9ae1',1,1,0,1600160671,1600160671,NULL),(775,'ZHOUHHHHHHZHOUHHHHHHZHOUHHHHHH694','6b72886c7fbe443457cc53f2618c4e7e',1,1,0,1600160671,1600160671,NULL),(776,'ZHOUHHHHHHZHOUHHHHHHZHOUHHHHHH214','eb5e59aa1c6df36bf77dda18b4029b42',1,1,0,1600160671,1600160671,NULL),(777,'ZHOUHHHHHHZHOUHHHHHHZHOUHHHHHH457','a677c2b2dacce889fdb6f90d08d68625',1,1,0,1600160671,1600160671,NULL),(778,'ZHOUHHHHHHZHOUHHHHHHZHOUHHHHHH699','4ca961421c21408eb6e4fd9ffe4358d9',1,1,0,1600160671,1600160671,NULL),(779,'ZHOUHHHHHHZHOUHHHHHHZHOUHHHHHH213','678b512ef5e4784e82e1fc188dd5d1c1',1,1,0,1600160671,1600160671,NULL),(780,'ZHOUHHHHHHZHOUHHHHHHZHOUHHHHHH458','3b1f1d3781c7957944300b2d9ac35c21',1,1,0,1600160671,1600160671,NULL),(781,'ZR_TEST','614e001ed77fe679fa3533f207acbe9f',1,1,0,1600160671,1600160671,NULL),(782,'ZHOUHHHHHHZHOUHHHHHHZHOUHHHHHH216','c2c82bbe125169e1122127a73336498b',1,1,0,1600160671,1600160671,NULL),(783,'ZHOUHHHHHHZHOUHHHHHHZHOUHHHHHH455','865078b662969b81b2fac8df5a57818a',1,1,0,1600160671,1600160671,NULL),(784,'ZHOUHHHHHHZHOUHHHHHHZHOUHHHHHH697','35172c2afeac243ab084810f8eacac20',1,1,0,1600160671,1600160671,NULL),(785,'ZHOUHHHHHHZHOUHHHHHHZHOUHHHHHH215','4e11b5429b171990b8eab747de1c8e51',1,1,0,1600160671,1600160671,NULL),(786,'ZHOUHHHHHHZHOUHHHHHHZHOUHHHHHH456','6bda5f577a9c0c0f32fb09a8c49015b3',1,1,0,1600160671,1600160671,NULL),(787,'ZHOUHHHHHHZHOUHHHHHHZHOUHHHHHH698','f6d52d7f657b1e8aef0b49d769409a28',1,1,0,1600160671,1600160671,NULL),(788,'ZHOUHHHHHHZHOUHHHHHHZHOUHHHHHH218','749c888b25397f0bf94eb91e98769c41',1,1,0,1600160671,1600160671,NULL),(789,'ZHOUHHHHHHZHOUHHHHHHZHOUHHHHHH217','c9b5fd9c54375da63f71f6135351925c',1,1,0,1600160671,1600160671,NULL),(790,'ZHOUHHHHHHZHOUHHHHHHZHOUHHHHHH459','46320292c4358351fd64fdb930e252eb',1,1,0,1600160671,1600160671,NULL),(791,'ZHOUHHHHHHZHOUHHHHHHZHOUHHHHHH219','04db7a92e5f5b546df415f4f35e49ca2',1,1,0,1600160671,1600160671,NULL),(792,'ZHOUHHHHHHZHOUHHHHHHZHOUHHHHHH680','e877981fef4563b5a4e59cd87188c9ae',1,1,0,1600160671,1600160671,NULL),(793,'ZHOUHHHHHHZHOUHHHHHHZHOUHHHHHH681','ba6507609bc21c1b5568b8a12a297768',1,1,0,1600160671,1600160671,NULL),(794,'ZHOUHHHHHHZHOUHHHHHHZHOUHHHHHH442','ec9d6be5b0801df8f90d421eb33db6eb',1,1,0,1600160671,1600160671,NULL),(795,'ZHOUHHHHHHZHOUHHHHHHZHOUHHHHHH684','3eb8a78924989df86c6785adcc21f769',1,1,0,1600160671,1600160671,NULL),(796,'ZHOUHHHHHHZHOUHHHHHHZHOUHHHHHH443','774a26350b84fd22dc9a31bc9abc9ba0',1,1,0,1600160671,1600160671,NULL),(797,'ZHOUHHHHHHZHOUHHHHHHZHOUHHHHHH685','88677d02a1e2f70c94f1d56bb221354f',1,1,0,1600160671,1600160671,NULL),(798,'ZHOUHHHHHHZHOUHHHHHHZHOUHHHHHH201','6720eee6cea895d7076553961a1204b1',1,1,0,1600160671,1600160671,NULL),(799,'ZHOUHHHHHHZHOUHHHHHHZHOUHHHHHH440','1c595cc750feb6a0916ac7902eb997a7',1,1,0,1600160671,1600160671,NULL),(800,'ZHOUHHHHHHZHOUHHHHHHZHOUHHHHHH682','875b3649219135447e2477df0fb9da65',1,1,0,1600160671,1600160671,NULL),(801,'ZHOUHHHHHHZHOUHHHHHHZHOUHHHHHH200','128b9af723d0ce90a59c15da27a20092',1,1,0,1600160671,1600160671,NULL),(802,'ZHOUHHHHHHZHOUHHHHHHZHOUHHHHHH441','067e888468ba32666a63cd9ece605f14',1,1,0,1600160671,1600160671,NULL),(803,'ZHOUHHHHHHZHOUHHHHHHZHOUHHHHHH683','582380921a7bf802255c7977aa4fb6ff',1,1,0,1600160671,1600160671,NULL),(804,'ZHOUHHHHHHZHOUHHHHHHZHOUHHHHHH203','9faeebe338f308a98fdbcc41f8a5a514',1,1,0,1600160671,1600160671,NULL),(805,'ZHOUHHHHHHZHOUHHHHHHZHOUHHHHHH446','6af77369a9251cea4a3b48ca39557aed',1,1,0,1600160671,1600160671,NULL),(806,'ZHOUHHHHHHZHOUHHHHHHZHOUHHHHHH688','20b7b523968cee2cd05929c5d73a9bce',1,1,0,1600160671,1600160671,NULL),(807,'ZHOUHHHHHHZHOUHHHHHHZHOUHHHHHH202','44a0eda3fd4b8ec4bffc1ea5d0db9998',1,1,0,1600160671,1600160671,NULL),(808,'ZHOUHHHHHHZHOUHHHHHHZHOUHHHHHH447','47cb269b6787ad067d250de13f323d8e',1,1,0,1600160671,1600160671,NULL),(809,'ZHOUHHHHHHZHOUHHHHHHZHOUHHHHHH689','590990e426bb2e0a0e974a606e87db7e',1,1,0,1600160671,1600160671,NULL),(810,'ZHOUHHHHHHZHOUHHHHHHZHOUHHHHHH205','9ca0f6adf0bf1684b9b1f75655f4b4d4',1,1,0,1600160671,1600160671,NULL),(811,'ZHOUHHHHHHZHOUHHHHHHZHOUHHHHHH444','64ae627150ce90009eec09f3c4cfb63e',1,1,0,1600160671,1600160671,NULL),(812,'ZHOUHHHHHHZHOUHHHHHHZHOUHHHHHH686','abc945b4f3d728d0932e53787bb629e5',1,1,0,1600160671,1600160671,NULL),(813,'ZHOUHHHHHHZHOUHHHHHHZHOUHHHHHH204','cfae621e14ee742a902ee705f1026ae9',1,1,0,1600160671,1600160671,NULL),(814,'ZHOUHHHHHHZHOUHHHHHHZHOUHHHHHH445','66310f65666627c20e1ed9e07929d11c',1,1,0,1600160671,1600160671,NULL),(815,'ZHOUHHHHHHZHOUHHHHHHZHOUHHHHHH687','fe8c1eb4ecadf2c037e845f524aa1f9b',1,1,0,1600160671,1600160671,NULL),(816,'ZHOUHHHHHHZHOUHHHHHHZHOUHHHHHH207','9134e808a06a9c06804f76ab26fe201e',1,1,0,1600160671,1600160671,NULL),(817,'ZHOUHHHHHHZHOUHHHHHHZHOUHHHHHH206','ada1a91e50820e46f6c16c05db3fee68',1,1,0,1600160671,1600160671,NULL),(818,'ZHOUHHHHHHZHOUHHHHHHZHOUHHHHHH209','378c3b28edbd200585cef000430e0e97',1,1,0,1600160671,1600160671,NULL),(819,'ZHOUHHHHHHZHOUHHHHHHZHOUHHHHHH448','6268d8ea96907ed6e67720611a4255be',1,1,0,1600160671,1600160671,NULL),(820,'ZHOUHHHHHHZHOUHHHHHHZHOUHHHHHH208','e37cf3d6a5a4da9c69cd2e48ff4fd661',1,1,0,1600160671,1600160671,NULL),(821,'ZHOUHHHHHHZHOUHHHHHHZHOUHHHHHH449','cbe5ce4c00aa2d164d84fff7bdf122dc',1,1,0,1600160671,1600160671,NULL),(822,'ZHOUHHHHHHZHOUHHHHHHZHOUHHHHHH670','6b97ca6a7f78b20cf45a36013d22b6ab',1,1,0,1600160671,1600160671,NULL),(823,'ZHOUHHHHHHZHOUHHHHHHZHOUHHHHHH431','f57604adcfd12d27b4c89b93a00f1974',1,1,0,1600160671,1600160671,NULL),(824,'ZHOUHHHHHHZHOUHHHHHHZHOUHHHHHH673','875070686ac023e06221aafd3bb63eed',1,1,0,1600160671,1600160671,NULL),(825,'ZHOUHHHHHHZHOUHHHHHHZHOUHHHHHH432','56488540a520913e688acf4dbeb59295',1,1,0,1600160671,1600160671,NULL),(826,'ZHOUHHHHHHZHOUHHHHHHZHOUHHHHHH674','487bd66a878bce98bac8f0f24bc9f54b',1,1,0,1600160671,1600160671,NULL),(827,'ZHOUHHHHHHZHOUHHHHHHZHOUHHHHHH671','d332668159407837779c0e46b0435003',1,1,0,1600160671,1600160671,NULL),(828,'ZHOUHHHHHHZHOUHHHHHHZHOUHHHHHH430','e919eb798bfcac25ee2fc46fdca53b1a',1,1,0,1600160671,1600160671,NULL),(829,'ZHOUHHHHHHZHOUHHHHHHZHOUHHHHHH672','d38b88b2d545d3f8f9b7d5fc9641fb27',1,1,0,1600160671,1600160671,NULL),(830,'ZHOUHHHHHHZHOUHHHHHHZHOUHHHHHH435','79563e04540157d8df642123a42b0bcb',1,1,0,1600160671,1600160671,NULL),(831,'ZHOUHHHHHHZHOUHHHHHHZHOUHHHHHH677','8aa8365869fee8af900d56998ac45754',1,1,0,1600160671,1600160671,NULL),(832,'ZHOUHHHHHHZHOUHHHHHHZHOUHHHHHH436','3ba1b8103ed2e4a49daf33e4ae3990d4',1,1,0,1600160671,1600160671,NULL),(833,'ZHOUHHHHHHZHOUHHHHHHZHOUHHHHHH678','ccf4b19ce05ea73e03bdb5764a76c6ba',1,1,0,1600160671,1600160671,NULL),(834,'ZHOUHHHHHHZHOUHHHHHHZHOUHHHHHH433','0387484eaec685b36dca2af284d3a42d',1,1,0,1600160671,1600160671,NULL),(835,'ZHOUHHHHHHZHOUHHHHHHZHOUHHHHHH675','116e13e3ed1f3fb2e49f8bb7a2fd1297',1,1,0,1600160671,1600160671,NULL),(836,'ZHOUHHHHHHZHOUHHHHHHZHOUHHHHHH434','d48eca9665a3b5a7439efa5588d3e15e',1,1,0,1600160671,1600160671,NULL),(837,'ZHOUHHHHHHZHOUHHHHHHZHOUHHHHHH676','88d4c0e9b12afb9e365fb9deb63193d1',1,1,0,1600160671,1600160671,NULL),(838,'ZHOUHHHHHHZHOUHHHHHHZHOUHHHHHH439','cb4a27e094f0205f9e6adf71f3788d95',1,1,0,1600160671,1600160671,NULL),(839,'ZHOUHHHHHHZHOUHHHHHHZHOUHHHHHH437','60da4fa71f8e53b417ac88dfd88a8718',1,1,0,1600160671,1600160671,NULL),(840,'ZHOUHHHHHHZHOUHHHHHHZHOUHHHHHH679','82063ff920234f3381fd43a4f64ff578',1,1,0,1600160671,1600160671,NULL),(841,'ZHOUHHHHHHZHOUHHHHHHZHOUHHHHHH438','6463821e3c1e4bf1f39dd4a2eff0a0ab',1,1,0,1600160671,1600160671,NULL),(842,'ZHOUHHHHHHZHOUHHHHHHZHOUHHHHHH419','a3ce11918ccbfbeef300ce4b6a60cb2e',1,1,0,1600160671,1600160671,NULL),(843,'ZHOUHHHHHHZHOUHHHHHHZHOUHHHHHH420','8617d360b2480afe987fc44a4da28245',1,1,0,1600160671,1600160671,NULL),(844,'ZHOUHHHHHHZHOUHHHHHHZHOUHHHHHH662','e8feb5707f32974fa77ef8b08f60f589',1,1,0,1600160671,1600160671,NULL),(845,'ZHOUHHHHHHZHOUHHHHHHZHOUHHHHHH421','8c32cdc108248a4783f10afb35de517e',1,1,0,1600160671,1600160671,NULL),(846,'ZHOUHHHHHHZHOUHHHHHHZHOUHHHHHH663','ce9b8fa1633b5af367a544b19edf6126',1,1,0,1600160671,1600160671,NULL),(847,'ZHOUHHHHHHZHOUHHHHHHZHOUHHHHHH660','06e58a735f720bb44a0ab6c76dca5389',1,1,0,1600160671,1600160671,NULL),(848,'ZHOUHHHHHHZHOUHHHHHHZHOUHHHHHH661','f0242384894aa56151af4b87ef15cf77',1,1,0,1600160671,1600160671,NULL),(849,'ZHOUHHHHHHZHOUHHHHHHZHOUHHHHHH424','bde48baec305f7ac576473d672934584',1,1,0,1600160671,1600160671,NULL),(850,'ZHOUHHHHHHZHOUHHHHHHZHOUHHHHHH666','6dcbfb9231111c63ad750274f00430cd',1,1,0,1600160671,1600160671,NULL),(851,'ZHOUHHHHHHZHOUHHHHHHZHOUHHHHHH425','83e91d3994cc9b8d497656cbca2adbab',1,1,0,1600160671,1600160671,NULL),(852,'ZHOUHHHHHHZHOUHHHHHHZHOUHHHHHH667','6b69fcfdb8c94e664a351434d2034a43',1,1,0,1600160671,1600160671,NULL),(853,'ZHOUHHHHHHZHOUHHHHHHZHOUHHHHHH422','16add2ffae9e07712935d6d8e2fbfe2b',1,1,0,1600160671,1600160671,NULL),(854,'ZHOUHHHHHHZHOUHHHHHHZHOUHHHHHH664','8d0c1a630f02789094efe44e1e425746',1,1,0,1600160671,1600160671,NULL),(855,'ZHOUHHHHHHZHOUHHHHHHZHOUHHHHHH423','bc1b404a73fca52d02b4c13999cd1172',1,1,0,1600160671,1600160671,NULL),(856,'ZHOUHHHHHHZHOUHHHHHHZHOUHHHHHH665','d4855533b5e431a6de0fb3a1f9611d91',1,1,0,1600160671,1600160671,NULL),(857,'ZHOUHHHHHHZHOUHHHHHHZHOUHHHHHH428','10054953d6426dc08bfb8f0e8f059f62',1,1,0,1600160671,1600160671,NULL),(858,'ZHOUHHHHHHZHOUHHHHHHZHOUHHHHHH429','78c969f8c1c08841a588a9220a853fd9',1,1,0,1600160671,1600160671,NULL),(859,'ZHOUHHHHHHZHOUHHHHHHZHOUHHHHHH426','1cb04e4c7731d15941faf0614832ba02',1,1,0,1600160671,1600160671,NULL),(860,'ZHOUHHHHHHZHOUHHHHHHZHOUHHHHHH668','04e273ba3638feeb2ff63fbd6c7240b1',1,1,0,1600160671,1600160671,NULL),(861,'ZHOUHHHHHHZHOUHHHHHHZHOUHHHHHH427','9ddb42b850cfd891c5c72ee761747425',1,1,0,1600160671,1600160671,NULL),(862,'ZHOUHHHHHHZHOUHHHHHHZHOUHHHHHH669','4e019bb3b1da58de26f4a32b89453a66',1,1,0,1600160671,1600160671,NULL),(863,'ZHOUHHHHHHZHOUHHHHHHZHOUHHHHHH408','5e8f130effaeb6447ad93ffc11bf9298',1,1,0,1600160671,1600160671,NULL),(864,'ZHOUHHHHHHZHOUHHHHHHZHOUHHHHHH409','e375e845e116cf564837923ae9b27648',1,1,0,1600160671,1600160671,NULL),(865,'ADMIN_USER_1','8f45c653cf42cdf2f3e4f4e1218839dc',1,1,0,1600160671,1600160671,NULL),(866,'ZHOUHHHHHHZHOUHHHHHHZHOUHHHHHH651','d8513de54e44a8a4ea25f00bca23c55b',1,1,0,1600160671,1600160671,NULL),(867,'ZHOUHHHHHHZHOUHHHHHHZHOUHHHHHH410','bb306b5712757c78d7e1dcffb91a284e',1,1,0,1600160671,1600160671,NULL),(868,'ZHOUHHHHHHZHOUHHHHHHZHOUHHHHHH652','195bb75dbb640603862e599e9ab78df9',1,1,0,1600160671,1600160671,NULL),(869,'ZHOUHHHHHHZHOUHHHHHHZHOUHHHHHH650','1aeff4da2867e10a946533bca0b2169b',1,1,0,1600160671,1600160671,NULL),(870,'ZHOUHHHHHHZHOUHHHHHHZHOUHHHHHH413','fd3bcd03a204e1275beb580564f20d62',1,1,0,1600160671,1600160671,NULL),(871,'ZHOUHHHHHHZHOUHHHHHHZHOUHHHHHH655','4b3648da101e526109a816054795b1ae',1,1,0,1600160671,1600160671,NULL),(872,'ZHOUHHHHHHZHOUHHHHHHZHOUHHHHHH414','4fa94e591d8e4b3f827754f69fad2d00',1,1,0,1600160671,1600160671,NULL),(873,'ZHOUHHHHHHZHOUHHHHHHZHOUHHHHHH656','1b485071e5fe3c54eb1fc3c7560648a5',1,1,0,1600160671,1600160671,NULL),(874,'ZHOUHHHHHHZHOUHHHHHHZHOUHHHHHH411','82f10e84b78d96285d234c0a43857d8a',1,1,0,1600160671,1600160671,NULL),(875,'ZHOUHHHHHHZHOUHHHHHHZHOUHHHHHH653','edf2b797f8a242edf48ba95eeb607002',1,1,0,1600160671,1600160671,NULL),(876,'ZHOUHHHHHHZHOUHHHHHHZHOUHHHHHH412','f54dc9b6652115a38294910e2ded4afd',1,1,0,1600160671,1600160671,NULL),(877,'ZHOUHHHHHHZHOUHHHHHHZHOUHHHHHH654','3273ed368a56ebdbd131bf7a6e3a5e67',1,1,0,1600160671,1600160671,NULL),(878,'ZHOUHHHHHHZHOUHHHHHHZHOUHHHHHH417','644bf6c099dcd17c6aafd14a7384937f',1,1,0,1600160671,1600160671,NULL),(879,'ZHOUHHHHHHZHOUHHHHHHZHOUHHHHHH659','329720437234ddbcf38f01f24fe47c02',1,1,0,1600160671,1600160671,NULL),(880,'HCY_NO_ACCESS','5528b523f8120a8e17a46eb396fe6c99',1,1,0,1600160671,1600160671,NULL),(881,'ZHOUHHHHHHZHOUHHHHHHZHOUHHHHHH418','296c87414a4e5c779927eb9bdab59417',1,1,0,1600160671,1600160671,NULL),(882,'ZHOUHHHHHHZHOUHHHHHHZHOUHHHHHH415','2709ef04a58fd59dd70714160d1a956a',1,1,0,1600160671,1600160671,NULL),(883,'ZHOUHHHHHHZHOUHHHHHHZHOUHHHHHH657','9583af7780c070940688d8e08b502244',1,1,0,1600160671,1600160671,NULL),(884,'ZHOUHHHHHHZHOUHHHHHHZHOUHHHHHH416','cd2b4c7bee96e0a6a3b961ed84a92854',1,1,0,1600160671,1600160671,NULL),(885,'ZHOUHHHHHHZHOUHHHHHHZHOUHHHHHH658','22d536cd3dc009b9fb0e90b0fdecb0ff',1,1,0,1600160671,1600160671,NULL);
/*!40000 ALTER TABLE `user_info` ENABLE KEYS */;
UNLOCK TABLES;
/*!40103 SET TIME_ZONE=@OLD_TIME_ZONE */;

/*!40101 SET SQL_MODE=@OLD_SQL_MODE */;
/*!40014 SET FOREIGN_KEY_CHECKS=@OLD_FOREIGN_KEY_CHECKS */;
/*!40014 SET UNIQUE_CHECKS=@OLD_UNIQUE_CHECKS */;
/*!40101 SET CHARACTER_SET_CLIENT=@OLD_CHARACTER_SET_CLIENT */;
/*!40101 SET CHARACTER_SET_RESULTS=@OLD_CHARACTER_SET_RESULTS */;
/*!40101 SET COLLATION_CONNECTION=@OLD_COLLATION_CONNECTION */;
/*!40111 SET SQL_NOTES=@OLD_SQL_NOTES */;

-- Dump completed on 2021-02-07 15:17:30
